2018-04-16 22:00:04.938258	https://www.encodeproject.org/report/?type=Target&investigated_as=transcription+factor&organism.scientific_name=Homo+sapiens&field=label&field=gene_name&limit=all
Target	Gene name
CRTC2	CRTC2
eGFP-ESRRA	ESRRA
eGFP-IRX2	IRX2
PRDM4	PRDM4
MBD2	MBD2
RXRB	RXRB
KDM6A	KDM6A
NCOA6	NCOA6
BRF1	BRF1
SUPT3H	SUPT3H
RSF1	RSF1
TFE3	TFE3
TLE2	TLE2
AP5Z1	AP5Z1
HMGA1	HMGA1
MYCL	MYCL
BRD4	BRD4
ABTB1	ABTB1
ZNF518A	ZNF518A
AKNA	AKNA
BRD8	BRD8
ZNF580	ZNF580
eGFP-MCM9	MCM9
ARID1A	ARID1A
eGFP-LMX1B	LMX1B
eGFP-RELA	RELA
SIRT2	SIRT2
ZNF776	ZNF776
ARID5B	ARID5B
SMARCAL1	SMARCAL1
eGFP-MED16	MED16
FIP1L1	FIP1L1
CNOT10	CNOT10
CAMTA1	CAMTA1
eGFP-MLXIPL	MLXIPL
HOXD3	HOXD3
ZNF146	ZNF146
WWTR1	WWTR1
ZNF239	ZNF239
CDKN1B	CDKN1B
eGFP-ELF1	ELF1
EED	EED
eGFP-FOXO3	FOXO3
NCOA4	NCOA4
eGFP-ADNP	ADNP
CDKN2A	CDKN2A
eGFP-KLF1	KLF1
IRF5	IRF5
eGFP-ORC4	ORC4
MORF4L1	MORF4L1
MTF2	MTF2
eGFP-HSF1	HSF1
MAFB	MAFB
eGFP-MCM5	MCM5
eGFP-NR0B1	NR0B1
ZNF180	ZNF180
L3MBTL1	L3MBTL1
eGFP-HMGB2	HMGB2
CBX1	CBX1
eGFP-COMMD3-BMI1	COMMD3-BMI1
BCL6	BCL6
eGFP-ILF3	ILF3
KDM5C	KDM5C
TADA2A	TADA2A
HMGA2	HMGA2
PAX6	PAX6
eGFP-GATA1	GATA1
KDM4B	KDM4B
BCL10	BCL10
eGFP-HDAC8	HDAC8
SETD8	SETD8
eGFP-KLF13	KLF13
eGFP-PER3	PER3
HMGN2	HMGN2
eGFP-MCM6	MCM6
ADNP2	ADNP2
eGFP-MYBL2	MYBL2
SMARCA5	SMARCA5
AES	AES
RBBP4	RBBP4
RBM15	RBM15
TGIF1	TGIF1
ZEB2	ZEB2
EWSR1	EWSR1
XRCC5	XRCC5
ATRX	ATRX
C10orf2	C10orf2
CARHSP1	CARHSP1
CREB3L2	CREB3L2
eGFP-ETS2	ETS2
AHCTF1	AHCTF1
ELF2	ELF2
SF3B3	SF3B3
eGFP-ILK	ILK
ATAD3A	ATAD3A
GON4L	GON4L
HIPK1	HIPK1
HOXD4	HOXD4
PHF20	PHF20
IKZF4	IKZF4
NR1H4	NR1H4
eGFP-MCM2	MCM2
MEF2D	MEF2D
ASH2L	ASH2L
eGFP-NFYB	NFYB
L3MBTL2	L3MBTL2
ZNF275	ZNF275
eGFP-IRX3	IRX3
eGFP-SMAD4	SMAD4
AGO2	AGO2
eGFP-HDAC3	HDAC3
eGFP-HDAC11	HDAC11
eGFP-HDAC10	HDAC10
eGFP-IRX5	IRX5
TCF7L1	TCF7L1
eGFP-NFATC1	NFATC1
eGFP-SMAD2	SMAD2
eGFP-ID3	ID3
NELFB	NELFB
eGFP-SMAD3	SMAD3
eGFP-JUND	JUND
ELF4	ELF4
PRPF4	PRPF4
ELK3	ELK3
CBFB	CBFB
eGFP-STAT1	STAT1
eGFP-LZTR1	LZTR1
ELK4	ELK4
MBD3	MBD3
UTY	UTY
MXD1	MXD1
eGFP-MAML1	MAML1
eGFP-KLF16	KLF16
ZNF512	ZNF512
eGFP-MAX	MAX
RAD51	RAD51
eGFP-MCM7	MCM7
eGFP-MCM3	MCM3
SNAPC5	SNAPC5
TAF10	TAF10
RXRG	RXRG
eGFP-NAP1L2	NAP1L2
NLRP2	NLRP2
eGFP-ATF3	ATF3
TFCP2	TFCP2
TRIM22	TRIM22
eGFP-IRF1	IRF1
eGFP-MCM8	MCM8
eGFP-CEBPB	CEBPB
eGFP-CD36	CD36
eGFP-MLLT1	MLLT1
MYOD1	MYOD1
MXD4	MXD4
NFKB2	NFKB2
GFI1B	GFI1B
PIM2	PIM2
eGFP-ATF1	ATF1
PROX1	PROX1
eGFP-E2F4	E2F4
MCM2	MCM2
MEN1	MEN1
PAX8	PAX8
TERF2IP	TERF2IP
eGFP-NR2F2	NR2F2
NR2C1	NR2C1
eGFP-MECP2	MECP2
LMNA	LMNA
DR1	DR1
SATB2	SATB2
RBX1	RBX1
SUB1	SUB1
HOXD11	HOXD11
PRMT5	PRMT5
PRMT6	PRMT6
eGFP-FBXL19	FBXL19
MYF5	MYF5
eGFP-FOXD2	FOXD2
OPA1	OPA1
E4F1	E4F1
ZNF195	ZNF195
NR0B1	NR0B1
eGFP-TADA3	TADA3
ZBTB12	ZBTB12
eGFP-NFE2	NFE2
eGFP-TAF1A	TAF1A
eGFP-AHR	AHR
ZNF770	ZNF770
eGFP-TBC1D2B	TBC1D2B
BATF2	BATF2
SOX12	SOX12
HDGF	HDGF
THAP3	THAP3
POLR2L	POLR2L
eGFP-TLE2	TLE2
eGFP-CNOT6	CNOT6
MAF	MAF
HNRNPLL	HNRNPLL
ZFP91	ZFP91
ZNF534	ZNF534
eGFP-YAF2	YAF2
RORC	RORC
eGFP-YEATS4	YEATS4
SP6	SP6
TFDP2	TFDP2
eGFP-E2F6	E2F6
THAP6	THAP6
eGFP-ZFP90	ZFP90
ZNF581	ZNF581
ZNF362	ZNF362
NR1I3	NR1I3
eGFP-FOXA1	FOXA1
ZNF672	ZNF672
NR2E3	NR2E3
AHR	AHR
PRDM2	PRDM2
ZNF692	ZNF692
E2F8	E2F8
eGFP-ZNF227	ZNF227
FEV	FEV
ANKZF1	ANKZF1
GTF2H2	GTF2H2
TONSL	TONSL
KLF15	KLF15
ZNHIT3	ZNHIT3
BACH1	BACH1
WBP11	WBP11
eGFP-ZNF430	ZNF430
eGFP-ZNF433	ZNF433
CREB3L3	CREB3L3
ZNF408	ZNF408
eGFP-PGBD1	PGBD1
eGFP-ZNF444	ZNF444
DNMT1	DNMT1
FOXQ1	FOXQ1
eGFP-SREBF2	SREBF2
HOXB5	HOXB5
eGFP-PHF19	PHF19
eGFP-ATF6B	ATF6B
NR5A1	NR5A1
HOXC10	HOXC10
PBX4	PBX4
ONECUT1	ONECUT1
HOXC4	HOXC4
PPARD	PPARD
ZFPM1	ZFPM1
RERE	RERE
eGFP-E2F1	E2F1
BOLA2B	BOLA2B
SMARCD2	SMARCD2
RHOXF2	RHOXF2
ZNF276	ZNF276
SOX17	SOX17
TAF9	TAF9
XRCC3	XRCC3
ERF	ERF
HLF	HLF
UNKL	UNKL
eGFP-MBD1	MBD1
WT1	WT1
ZNF768	ZNF768
HOXD10	HOXD10
HSBP1	HSBP1
ZNF33A	ZNF33A
eGFP-NELFB	NELFB
FOXA3	FOXA3
eGFP-NFIL3	NFIL3
TBX3	TBX3
HES6	HES6
ETV5	ETV5
PITX2	PITX2
eGFP-NKRF	NKRF
RORA	RORA
ZNF292	ZNF292
SERTAD1	SERTAD1
ZBED4	ZBED4
ZNF503	ZNF503
E2F5	E2F5
ZNF318	ZNF318
FOXI1	FOXI1
TCF25	TCF25
HOXD12	HOXD12
eGFP-ABT1	ABT1
ZNF704	ZNF704
ZNF24	ZNF24
ZNF592	ZNF592
KLF11	KLF11
ZNF791	ZNF791
NFE2L1	NFE2L1
CRAMP1L	CRAMP1L
ATM	ATM
NFXL1	NFXL1
MCM4	MCM4
RBM34	RBM34
MCM6	MCM6
CENPT	CENPT
SNAPC4	SNAPC4
RBM39	RBM39
DEK	DEK
ZUFSP	ZUFSP
eGFP-HOXA9	HOXA9
HDAC5	HDAC5
HOXA5	HOXA5
SNRNP70	SNRNP70
eGFP-COPS5	COPS5
HINFP	HINFP
HOXB2	HOXB2
HOXB6	HOXB6
THRAP3	THRAP3
HOXC6	HOXC6
KLF8	KLF8
LCOR	LCOR
HOXD1	HOXD1
ZBTB45	ZBTB45
MGA	MGA
ZBTB5	ZBTB5
LYL1	LYL1
NR1H3	NR1H3
ZFPM2	ZFPM2
NR4A3	NR4A3
ZNF251	ZNF251
NR1H2	NR1H2
ZNF518B	ZNF518B
ORC2	ORC2
ZNF576	ZNF576
PYGO2	PYGO2
ZNF740	ZNF740
TBX15	TBX15
MIER1	MIER1
GZF1	GZF1
MXD3	MXD3
HOXC11	HOXC11
MYB	MYB
NFE2L3	NFE2L3
MZF1	MZF1
eGFP-FOXC1	FOXC1
ARNT	ARNT
RCOR3	RCOR3
ZNF410	ZNF410
eGFP-GFI1	GFI1
eGFP-ZNF282	ZNF282
SP5	SP5
ZFP64	ZFP64
MYSM1	MYSM1
eGFP-GTF2E2	GTF2E2
ZNF710	ZNF710
SNIP1	SNIP1
ATF2	ATF2
SOX5	SOX5
SSB	SSB
MCM9	MCM9
eGFP-ZNF3	ZNF3
RFX7	RFX7
MIXL1	MIXL1
eGFP-ZNF302	ZNF302
NR0B2	NR0B2
eGFP-H1FX	H1FX
eGFP-GTF3C5	GTF3C5
SMARCE1	SMARCE1
eGFP-KMT2E	KMT2E
SMAD9	SMAD9
ATF6	ATF6
ZFHX3	ZFHX3
eGFP-ZNF311	ZNF311
HMX3	HMX3
HOXA3	HOXA3
ZNF451	ZNF451
TBX18	TBX18
eGFP-ORC2	ORC2
THAP7	THAP7
eGFP-ZNF41	ZNF41
CREB3L1	CREB3L1
LCORL	LCORL
HEY1	HEY1
eGFP-HIF1AN	HIF1AN
FOXJ3	FOXJ3
eGFP-HIST1H1B	HIST1H1B
ZBTB40	ZBTB40
HIC1	HIC1
SLC30A9	SLC30A9
ZC3H3	ZC3H3
YBX3	YBX3
eGFP-PER1	PER1
TFB2M	TFB2M
ZFP62	ZFP62
PSIP1	PSIP1
YEATS2	YEATS2
eGFP-SRSF2	SRSF2
ZNF280A	ZNF280A
HMG20B	HMG20B
eGFP-SSRP1	SSRP1
ZBTB48	ZBTB48
eGFP-PKNOX1	PKNOX1
ZC3H15	ZC3H15
CREBZF	CREBZF
eGFP-TBX3	TBX3
ID4	ID4
TOX4	TOX4
eGFP-BRD7	BRD7
RREB1	RREB1
eGFP-BZW1	BZW1
ZNF629	ZNF629
PKN2	PKN2
eGFP-E2F8	E2F8
eGFP-CIAO1	CIAO1
REPIN1	REPIN1
eGFP-TSC22D2	TSC22D2
PLRG1	PLRG1
eGFP-CREBZF	CREBZF
LMO4	LMO4
eGFP-DEAF1	DEAF1
eGFP-POLR3H	POLR3H
eGFP-GTF3A	GTF3A
NR4A2	NR4A2
eGFP-ADNP2	ADNP2
CASP8AP2	CASP8AP2
eGFP-ASB1	ASB1
eGFP-BCL6B	BCL6B
PAX3	PAX3
ZFPL1	ZFPL1
eGFP-TCF7	TCF7
eGFP-CNBP	CNBP
eGFP-TMF1	TMF1
eGFP-ETS1	ETS1
TAF15	TAF15
eGFP-TRIM25	TRIM25
ADNP	ADNP
eGFP-TRIM29	TRIM29
AEBP2	AEBP2
eGFP-CRABP2	CRABP2
HIVEP1	HIVEP1
POLR2G	POLR2G
eGFP-TWIST2	TWIST2
SAFB	SAFB
eGFP-CTDP1	CTDP1
eGFP-XRCC3	XRCC3
PHB2	PHB2
eGFP-FOXO4	FOXO4
eGFP-HMGN5	HMGN5
ARID3A	ARID3A
PREB	PREB
eGFP-GATA3	GATA3
eGFP-CDKN1B	CDKN1B
eGFP-HOXD4	HOXD4
ARNTL2	ARNTL2
eGFP-ESR1	ESR1
MEIS2	MEIS2
eGFP-GTF2A2	GTF2A2
eGFP-FOS	FOS
eGFP-KRBOX4	KRBOX4
eGFP-LDB1	LDB1
NR1I2	NR1I2
eGFP-H1F0	H1F0
eGFP-MAFK	MAFK
PCGF6	PCGF6
eGFP-HDAC5	HDAC5
PPRC1	PPRC1
PHB	PHB
eGFP-MED14	MED14
PHF10	PHF10
eGFP-ZNF565	ZNF565
eGFP-ZNF578	ZNF578
POLR1E	POLR1E
eGFP-MEF2B	MEF2B
eGFP-ZNF626	ZNF626
eGFP-BACH1	BACH1
eGFP-CCNE1	CCNE1
eGFP-MTF2	MTF2
eGFP-ZNF695	ZNF695
MSX1	MSX1
eGFP-MYB	MYB
BNC1	BNC1
eGFP-JUNB	JUNB
ZNF385A	ZNF385A
eGFP-NCOR1	NCOR1
ZNF516	ZNF516
PTTG1	PTTG1
NR6A1	NR6A1
PRPF4B	PRPF4B
BOLA2	BOLA2
BOLA3	BOLA3
ZNF789	ZNF789
SMARCD1	SMARCD1
TEF	TEF
ZNF775	ZNF775
LBX2	LBX2
ZSCAN21	ZSCAN21
SP140L	SP140L
eGFP-HNRNPR	HNRNPR
RBM17	RBM17
ZBTB38	ZBTB38
eGFP-KMT2A	KMT2A
ZFP36	ZFP36
TOX3	TOX3
eGFP-MED6	MED6
eGFP-NELFA	NELFA
ETV1	ETV1
ALX1	ALX1
MECOM	MECOM
eGFP-NEIL2	NEIL2
MEIS3	MEIS3
eGFP-ZBTB45	ZBTB45
eGFP-IRF2BP1	IRF2BP1
eGFP-KANK2	KANK2
RLIM	RLIM
eGFP-ZFP41	ZFP41
THAP4	THAP4
FOXP2	FOXP2
eGFP-ZHX3	ZHX3
TRPS1	TRPS1
eGFP-EED	EED
ZBTB24	ZBTB24
eGFP-MCM4	MCM4
GRHL1	GRHL1
IRX3	IRX3
DBP	DBP
eGFP-FAM171B	FAM171B
HOXB7	HOXB7
eGFP-ARNT	ARNT
eGFP-FHL2	FHL2
eGFP-MSX1	MSX1
HOXB3	HOXB3
AFF4	AFF4
GATA3	GATA3
eGFP-ZNF234	ZNF234
GATA6	GATA6
eGFP-FOXM1	FOXM1
ARNTL	ARNTL
GLI1	GLI1
U2AF2	U2AF2
IKZF5	IKZF5
eGFP-GATAD2A	GATAD2A
eGFP-GLI4	GLI4
eGFP-GTF2F1	GTF2F1
eGFP-PBXIP1	PBXIP1
eGFP-BTAF1	BTAF1
eGFP-SP4	SP4
eGFP-ZNF324	ZNF324
eGFP-PHF7	PHF7
eGFP-ZNF350	ZNF350
eGFP-SUV39H2	SUV39H2
HNF1B	HNF1B
ATXN7	ATXN7
FOXA2	FOXA2
eGFP-POLR2J2	POLR2J2
KLF14	KLF14
BARX2	BARX2
eGFP-AEBP2	AEBP2
BBX	BBX
eGFP-NR2E1	NR2E1
BCL11A	BCL11A
eGFP-NR3C1	NR3C1
eGFP-ZNF467	ZNF467
eGFP-AIP	AIP
BCLAF1	BCLAF1
eGFP-SNAPC2	SNAPC2
eGFP-SREBF1	SREBF1
FOSL1	FOSL1
eGFP-BARX2	BARX2
eGFP-HOXC13	HOXC13
eGFP-ZNF641	ZNF641
BMI1	BMI1
eGFP-HIST1H2BD	HIST1H2BD
eGFP-NMI	NMI
HIVEP2	HIVEP2
eGFP-ZNF764	ZNF764
eGFP-NR1H2	NR1H2
eGFP-PHF8	PHF8
eGFP-IFI16	IFI16
FOXK2	FOXK2
eGFP-NR4A3	NR4A3
FOXN2	FOXN2
eGFP-PAPOLG	PAPOLG
GABPB1	GABPB1
eGFP-NDN	NDN
FOSL2	FOSL2
eGFP-PIAS3	PIAS3
eGFP-ALX3	ALX3
eGFP-NFE2L3	NFE2L3
CEBPB	CEBPB
eGFP-LHX2	LHX2
eGFP-POLR1C	POLR1C
eGFP-POLR1E	POLR1E
CREB1	CREB1
FOXP4	FOXP4
FUBP1	FUBP1
ALX4	ALX4
eGFP-PAXBP1	PAXBP1
FOXM1	FOXM1
eGFP-ARHGAP35	ARHGAP35
eGFP-ARID3B	ARID3B
eGFP-AGAP3	AGAP3
CREBBP	CREBBP
eGFP-NR2F6	NR2F6
eGFP-ARID5B	ARID5B
eGFP-ANKRD1	ANKRD1
eGFP-ARNTL	ARNTL
CIC	CIC
eGFP-PIR	PIR
eGFP-ANKRD54	ANKRD54
eGFP-PNN	PNN
CTCF	CTCF
FOXP3	FOXP3
eGFP-ATM	ATM
eGFP-APC	APC
eGFP-CENPB	CENPB
eGFP-BAZ1A	BAZ1A
CREB3L4	CREB3L4
eGFP-ARID1A	ARID1A
eGFP-ANKRD49	ANKRD49
eGFP-BAZ1B	BAZ1B
CREM	CREM
eGFP-CREG1	CREG1
ASCL2	ASCL2
DLX1	DLX1
eGFP-ASB12	ASB12
eGFP-CBX4	CBX4
eGFP-ASB6	ASB6
GATA2	GATA2
eGFP-CITED2	CITED2
eGFP-E2F2	E2F2
GRHL3	GRHL3
eGFP-ETV4	ETV4
eGFP-EGR1	EGR1
eGFP-DLX1	DLX1
BHLHE22	BHLHE22
GTF2F1	GTF2F1
FUS	FUS
HOXA9	HOXA9
GATAD1	GATAD1
E2F1	E2F1
MCM8	MCM8
eGFP-ERCC6	ERCC6
eGFP-FBXO7	FBXO7
NFKB1	NFKB1
CREB3	CREB3
E2F6	E2F6
GLI3	GLI3
eGFP-ANKRA2	ANKRA2
eGFP-BOLA1	BOLA1
CREB5	CREB5
CREBL2	CREBL2
RBM22	RBM22
eGFP-HNF1B	HNF1B
eGFP-ZNF606	ZNF606
eGFP-HSF4	HSF4
HOXA1	HOXA1
SOX6	SOX6
ZBTB17	ZBTB17
eGFP-CALCOCO1	CALCOCO1
eGFP-CBFA2T2	CBFA2T2
ZNF521	ZNF521
eGFP-ZNF83	ZNF83
BRF2	BRF2
eGFP-CREB1	CREB1
BRCA1	BRCA1
eGFP-KLF14	KLF14
eGFP-HMGB1	HMGB1
eGFP-CHD4	CHD4
CTCFL	CTCFL
CTNNB1	CTNNB1
eGFP-MSL3	MSL3
CASZ1	CASZ1
UBN1	UBN1
CEBPA	CEBPA
eGFP-CHURC1	CHURC1
eGFP-NFKB1	NFKB1
eGFP-L3MBTL3	L3MBTL3
CEBPG	CEBPG
FOXL2	FOXL2
eGFP-CTBP1	CTBP1
eGFP-NFKB2	NFKB2
HIPK2	HIPK2
eGFP-CSRP2	CSRP2
eGFP-CTCFL	CTCFL
eGFP-DDX20	DDX20
CCNT2	CCNT2
YAP1	YAP1
eGFP-ORC1	ORC1
DPF2	DPF2
LMNB1	LMNB1
NFKBIA	NFKBIA
PHC2	PHC2
eGFP-ORC6	ORC6
CHD2	CHD2
eGFP-GTF2B	GTF2B
E2F3	E2F3
CLOCK	CLOCK
FOXP1	FOXP1
AGO1	AGO1
ZNF317	ZNF317
eGFP-PDLIM4	PDLIM4
CUX1	CUX1
eGFP-ILF2	ILF2
E2F7	E2F7
CXXC1	CXXC1
eGFP-GLI1	GLI1
DDIT3	DDIT3
eGFP-SUZ12	SUZ12
eGFP-OVOL1	OVOL1
EBF1	EBF1
eGFP-FOXO1	FOXO1
eGFP-ERCC3	ERCC3
SIX1	SIX1
eGFP-GMEB2	GMEB2
eGFP-ELK1	ELK1
eGFP-HDGF	HDGF
eGFP-GATA2	GATA2
eGFP-ORC5	ORC5
eGFP-HIF1A	HIF1A
CNOT6	CNOT6
eGFP-ETV1	ETV1
eGFP-HKR1	HKR1
EGR1	EGR1
eGFP-AFF4	AFF4
RNF113A	RNF113A
FOXO1	FOXO1
EGR3	EGR3
ZFYVE20	ZFYVE20
BCL3	BCL3
eGFP-FOXK2	FOXK2
eGFP-ETV3	ETV3
eGFP-NR4A1	NR4A1
eGFP-HIST1H2BG	HIST1H2BG
eGFP-ZNF221	ZNF221
FOXO3	FOXO3
eGFP-HMGN2	HMGN2
eGFP-FOSB	FOSB
eGFP-GTF3C1	GTF3C1
BDP1	BDP1
eGFP-FOXD3	FOXD3
AIRE	AIRE
PELP1	PELP1
eGFP-ANKRD55	ANKRD55
eGFP-FOXJ3	FOXJ3
UHRF1	UHRF1
CHAMP1	CHAMP1
eGFP-APBB1	APBB1
eGFP-ING1	ING1
eGFP-ZNF280A	ZNF280A
ASH1L	ASH1L
ASXL1	ASXL1
eGFP-HHEX	HHEX
eGFP-APEX1	APEX1
BOLA1	BOLA1
HOXB9	HOXB9
ATF4	ATF4
eGFP-ARID3A	ARID3A
eGFP-ZSCAN22	ZSCAN22
eGFP-DR1	DR1
eGFP-HMGA1	HMGA1
eGFP-HMGXB3	HMGXB3
BUD31	BUD31
eGFP-FOXA2	FOXA2
eGFP-COPS2	COPS2
eGFP-HOXA5	HOXA5
eGFP-CSDE1	CSDE1
eGFP-HOXC6	HOXC6
eGFP-H2AFZ	H2AFZ
ELK1	ELK1
eGFP-LEF1	LEF1
GTF3A	GTF3A
eGFP-JDP2	JDP2
CBX8	CBX8
eGFP-ECD	ECD
eGFP-INTS12	INTS12
eGFP-ZKSCAN3	ZKSCAN3
NR1D1	NR1D1
eGFP-MED12	MED12
PLAGL1	PLAGL1
ELF1	ELF1
CDK9	CDK9
eGFP-REL	REL
eGFP-TAF1L	TAF1L
eGFP-ANKS3	ANKS3
ANP32A	ANP32A
ELF3	ELF3
eGFP-TAF6L	TAF6L
eGFP-TAL2	TAL2
ZNF687	ZNF687
CEBPD	CEBPD
CAMTA2	CAMTA2
eGFP-TARDBP	TARDBP
ESR1	ESR1
eGFP-TFCP2	TFCP2
MTERF	MTERF
ETS1	ETS1
CEBPZ	CEBPZ
ESRRA	ESRRA
CHD1	CHD1
CHD4	CHD4
RING1	RING1
FOXO4	FOXO4
eGFP-NPM1	NPM1
ZNF22	ZNF22
EZH2	EZH2
FOS	FOS
FLI1	FLI1
CBX4	CBX4
eGFP-NR1D1	NR1D1
eGFP-ARNTL2	ARNTL2
eGFP-BATF3	BATF3
eGFP-NR1H3	NR1H3
GABPA	GABPA
GATA1	GATA1
GATA4	GATA4
GRAMD4	GRAMD4
FOSB	FOSB
eGFP-DNMT3A	DNMT3A
eGFP-BDP1	BDP1
eGFP-ZNF584	ZNF584
eGFP-BHLHE40	BHLHE40
FOXH1	FOXH1
eGFP-HNRNPD	HNRNPD
DROSHA	DROSHA
eGFP-BCL6	BCL6
GFI1	GFI1
BHLHE40	BHLHE40
GLIS2	GLIS2
eGFP-IKBKG	IKBKG
GMEB2	GMEB2
eGFP-ZNF649	ZNF649
eGFP-BLZF1	BLZF1
GRHL2	GRHL2
GLI2	GLI2
eGFP-BRD8	BRD8
eGFP-IRF7	IRF7
eGFP-BRCA1	BRCA1
eGFP-ZNF92	ZNF92
eGFP-KCNIP3	KCNIP3
eGFP-KDM5B	KDM5B
eGFP-NR2C2	NR2C2
eGFP-HMBOX1	HMBOX1
eGFP-HES2	HES2
eGFP-OSR2	OSR2
eGFP-HMGA2	HMGA2
EGR2	EGR2
PPARG	PPARG
eGFP-PBX4	PBX4
eGFP-PCGF2	PCGF2
RLF	RLF
CHD7	CHD7
eGFP-MYBBP1A	MYBBP1A
SP110	SP110
GTF2B	GTF2B
eGFP-PHF13	PHF13
eGFP-NCOA6	NCOA6
eGFP-HOXB1	HOXB1
eGFP-BTF3	BTF3
CIZ1	CIZ1
eGFP-HOXB7	HOXB7
ZDHHC7	ZDHHC7
GTF3C2	GTF3C2
ZMAT2	ZMAT2
eGFP-POLR3C	POLR3C
ETS2	ETS2
ETV4	ETV4
eGFP-POU2AF1	POU2AF1
TRIP13	TRIP13
ZBTB43	ZBTB43
eGFP-ZNF213	ZNF213
eGFP-CREB3L4	CREB3L4
AFF1	AFF1
eGFP-CREBL2	CREBL2
eGFP-KDM5C	KDM5C
ARHGAP35	ARHGAP35
eGFP-MAFF	MAFF
E2F2	E2F2
eGFP-CTNNBIP1	CTNNBIP1
RBM14	RBM14
ZNF83	ZNF83
ATF3	ATF3
E2F4	E2F4
eGFP-GTF3C2	GTF3C2
eGFP-DAZAP2	DAZAP2
ATF5	ATF5
eGFP-EYA3	EYA3
eGFP-NFE2L1	NFE2L1
ATF7	ATF7
SSX1	SSX1
eGFP-NFX1	NFX1
eGFP-DEK	DEK
eGFP-ZNF37A	ZNF37A
eGFP-FOXI1	FOXI1
eGFP-WBP11	WBP11
eGFP-NFYC	NFYC
EP300	EP300
ETV6	ETV6
eGFP-DAXX	DAXX
eGFP-NOTCH2	NOTCH2
eGFP-NAA15	NAA15
ZKSCAN5	ZKSCAN5
EPAS1	EPAS1
ZNF33B	ZNF33B
eGFP-DMBX1	DMBX1
ZNF428	ZNF428
eGFP-NCOA4	NCOA4
ZNF691	ZNF691
eGFP-NR1I2	NR1I2
ESRRB	ESRRB
eGFP-EHF	EHF
eGFP-YBX2	YBX2
FOXN3	FOXN3
eGFP-ZBTB38	ZBTB38
U2AF1	U2AF1
eGFP-DRAP1	DRAP1
SALL2	SALL2
eGFP-ZNF417	ZNF417
ZNF395	ZNF395
eGFP-ZRANB2	ZRANB2
eGFP-ZMYND11	ZMYND11
EZH1	EZH1
eGFP-KLF6	KLF6
eGFP-ZNF134	ZNF134
eGFP-EPAS1	EPAS1
TBX1	TBX1
eGFP-KLF8	KLF8
eGFP-ZNF143	ZNF143
eGFP-NR5A1	NR5A1
THRA	THRA
eGFP-L3MBTL1	L3MBTL1
eGFP-ZNF18	ZNF18
CBX2	CBX2
eGFP-HOXC12	HOXC12
CBX3	CBX3
eGFP-PBX2	PBX2
eGFP-PER2	PER2
CCNE1	CCNE1
CCNT1	CCNT1
eGFP-ZNF225	ZNF225
eGFP-JMY	JMY
CDC5L	CDC5L
FOXA1	FOXA1
eGFP-MEN1	MEN1
eGFP-POLR3D	POLR3D
eGFP-KHSRP	KHSRP
eGFP-ZNF292	ZNF292
HCFC1	HCFC1
eGFP-GSC	GSC
ATF1	ATF1
eGFP-NFIX	NFIX
eGFP-HCFC1	HCFC1
HDAC1	HDAC1
eGFP-MAF	MAF
eGFP-CBFB	CBFB
eGFP-CBX2	CBX2
ARID2	ARID2
HDAC6	HDAC6
ARNT2	ARNT2
eGFP-ASCC2	ASCC2
eGFP-HSF2	HSF2
eGFP-ID2	ID2
HAND2	HAND2
ASCL1	ASCL1
CTBP1	CTBP1
eGFP-BRPF3	BRPF3
CTBP2	CTBP2
eGFP-ELF2	ELF2
eGFP-NFRKB	NFRKB
eGFP-PCBD1	PCBD1
eGFP-CDKN1A	CDKN1A
DEAF1	DEAF1
eGFP-LYL1	LYL1
BAZ2A	BAZ2A
eGFP-CREB3L1	CREB3L1
eGFP-CREBBP	CREBBP
eGFP-DMTF1	DMTF1
eGFP-CTNNB1	CTNNB1
ATF6B	ATF6B
BAZ2B	BAZ2B
DMTF1	DMTF1
eGFP-ZNF331	ZNF331
eGFP-HDAC1	HDAC1
eGFP-EAF1	EAF1
DRAP1	DRAP1
BCOR	BCOR
BATF	BATF
eGFP-HIST1H1D	HIST1H1D
BMP2	BMP2
eGFP-PHF1	PHF1
BNC2	BNC2
RBM25	RBM25
eGFP-GLIS2	GLIS2
eGFP-HOXB5	HOXB5
eGFP-PHF6	PHF6
HIF1A	HIF1A
APTX	APTX
eGFP-HOXD10	HOXD10
eGFP-CTR9	CTR9
BSX	BSX
eGFP-ONECUT1	ONECUT1
eGFP-DDX54	DDX54
eGFP-KAT5	KAT5
eGFP-PARP1	PARP1
eGFP-EDF1	EDF1
HES1	HES1
eGFP-BTG2	BTG2
eGFP-EPC1	EPC1
eGFP-HES4	HES4
eGFP-C1D	C1D
BHLHA9	BHLHA9
CD36	CD36
eGFP-KMT2D	KMT2D
CDK3	CDK3
eGFP-CBX3	CBX3
CDX1	CDX1
ZNF706	ZNF706
ZNF93	ZNF93
eGFP-MED21	MED21
CDX2	CDX2
eGFP-CCRN4L	CCRN4L
eGFP-GTF3C3	GTF3C3
RBFOX2	RBFOX2
eGFP-CERS2	CERS2
DDX20	DDX20
eGFP-HINFP	HINFP
HOXC12	HOXC12
eGFP-MEF2A	MEF2A
KCMF1	KCMF1
eGFP-IKBKB	IKBKB
POLG	POLG
ADAMTS19	ADAMTS19
eGFP-HIST2H2BE	HIST2H2BE
HNRNPUL1	HNRNPUL1
AFF3	AFF3
eGFP-HMG20A	HMG20A
SAFB2	SAFB2
ALX3	ALX3
ZNF830	ZNF830
eGFP-CRY1	CRY1
CDX4	CDX4
eGFP-GREB1	GREB1
eGFP-HSBP1	HSBP1
eGFP-NELFE	NELFE
eGFP-GTF2IRD1	GTF2IRD1
ANAPC2	ANAPC2
KDM4A	KDM4A
eGFP-HDAC2	HDAC2
eGFP-NKX2-8	NKX2-8
eGFP-EWSR1	EWSR1
eGFP-HMGN1	HMGN1
KLF1	KLF1
ARX	ARX
MEIS1	MEIS1
ASCL3	ASCL3
EBF4	EBF4
NONO	NONO
eGFP-PCGF6	PCGF6
EEA1	EEA1
NFAT5	NFAT5
eGFP-SMARCA1	SMARCA1
HHEX	HHEX
eGFP-SMARCA2	SMARCA2
eGFP-HSF2BP	HSF2BP
EGR4	EGR4
eGFP-KEAP1	KEAP1
SP3	SP3
eGFP-IRF2	IRF2
ATOH1	ATOH1
CHRAC1	CHRAC1
EHF	EHF
COPS2	COPS2
eGFP-MED4	MED4
ZNF761	ZNF761
eGFP-E4F1	E4F1
eGFP-POLR2H	POLR2H
EIF3K	EIF3K
eGFP-JUN	JUN
eGFP-MPHOSPH8	MPHOSPH8
EMX1	EMX1
eGFP-Myf5	MYF5
GMEB1	GMEB1
eGFP-KDM4B	KDM4B
LASS6	LASS6
EMX2	EMX2
ASCL4	ASCL4
HAND1	HAND1
CUX2	CUX2
ATMIN	ATMIN
KDM1A	KDM1A
HIC2	HIC2
ILK	ILK
eGFP-PHF3	PHF3
ISL2	ISL2
BARHL2	BARHL2
IRF3	IRF3
IRF4	IRF4
eGFP-GABPA	GABPA
eGFP-ERCC8	ERCC8
DEPDC7	DEPDC7
eGFP-ESRRB	ESRRB
eGFP-SNAI2	SNAI2
eGFP-PBRM1	PBRM1
IRF7	IRF7
eGFP-SOX9	SOX9
eGFP-IRX4	IRX4
eGFP-PHB2	PHB2
eGFP-FIZ1	FIZ1
KLF10	KLF10
eGFP-NOTCH3	NOTCH3
eGFP-JADE2	JADE2
LHX6	LHX6
HOMEZ	HOMEZ
CPSF4L	CPSF4L
MMP14	MMP14
HIF3A	HIF3A
eGFP-KHDRBS1	KHDRBS1
eGFP-CEBPD	CEBPD
KLF4	KLF4
eGFP-MYC	MYC
eGFP-DNAJC2	DNAJC2
BARX1	BARX1
NUPL2	NUPL2
KLF6	KLF6
BATF3	BATF3
OTP	OTP
KAT6A	KAT6A
HMGN1	HMGN1
ILF2	ILF2
FLAG-ZNF276	ZNF276
KMT2A	KMT2A
OVOL1	OVOL1
eGFP-DIDO1	DIDO1
eGFP-NAB2	NAB2
GTF2H2C	GTF2H2C
HMGN3	HMGN3
eGFP-NCOA3	NCOA3
FLAG-RUNX1	RUNX1
DEPDC1B	DEPDC1B
eGFP-MED23	MED23
MLH1	MLH1
eGFP-MED7	MED7
HMG20A	HMG20A
eGFP-MEIS1	MEIS1
ESR2	ESR2
BCL11B	BCL11B
DEPDC5	DEPDC5
ESRRG	ESRRG
FLAG-TGIF2	TGIF2
HNF4G	HNF4G
eGFP-MTA1	MTA1
DHX34	DHX34
PKHD1L1	PKHD1L1
DLX2	DLX2
HOXB13	HOXB13
ETV2	ETV2
EVX1	EVX1
DLX6	DLX6
DMRT1	DMRT1
PLXNB1	PLXNB1
CC2D1A	CC2D1A
eGFP-HNRNPAB	HNRNPAB
ZNF267	ZNF267
POU6F2	POU6F2
MBD1	MBD1
MLLT11	MLLT11
DMRT2	DMRT2
FLAG-ZHX1	ZHX1
FOXB1	FOXB1
KIN	KIN
MBD4	MBD4
eGFP-HOXC4	HOXC4
HOXB4	HOXB4
KNTC1	KNTC1
PRMT3	PRMT3
MCM3	MCM3
HOXC13	HOXC13
MLLT4	MLLT4
CPXCR1	CPXCR1
LHX9	LHX9
eGFP-KLF5	KLF5
eGFP-OVOL2	OVOL2
eGFP-HOXC11	HOXC11
MLX	MLX
CRX	CRX
eGFP-IGHMBP2	IGHMBP2
eGFP-PAWR	PAWR
RAG1	RAG1
eGFP-LMO2	LMO2
MED1	MED1
HA-E2F1	E2F1
MSGN1	MSGN1
FOXJ1	FOXJ1
CSDC2	CSDC2
eGFP-IKZF2	IKZF2
RAPGEF4	RAPGEF4
MEF2C	MEF2C
eGFP-ISL2	ISL2
NEUROG1	NEUROG1
eGFP-JADE1	JADE1
eGFP-KNTC1	KNTC1
ING5	ING5
CUL2	CUL2
MTF1	MTF1
IFI16	IFI16
HLA-DQB1	HLA-DQB1
FLAG-ZNF222	ZNF222
eGFP-PLRG1	PLRG1
FLAG-ATF7	ATF7
FLAG-FUBP1	FUBP1
MORF4L2	MORF4L2
KMT2D	KMT2D
PLAG1	PLAG1
eGFP-PMS1	PMS1
eGFP-NR1D2	NR1D2
GSTP1	GSTP1
eGFP-HOXB6	HOXB6
eGFP-HMGXB4	HMGXB4
HDAC11	HDAC11
PLEKHA4	PLEKHA4
IRX1	IRX1
AR	AR
SATB1	SATB1
eGFP-HOXC9	HOXC9
NINJ2	NINJ2
MYNN	MYNN
CENPB	CENPB
DMBX1	DMBX1
ARGFX	ARGFX
FLAG-EBF1	EBF1
ELK1phosphoS383	ELK1
eGFP-PGR	PGR
HDAC3	HDAC3
HES4	HES4
eGFP-NR2E3	NR2E3
eGFP-COIL	COIL
CUL4B	CUL4B
MLXIP	MLXIP
DVL1	DVL1
eGFP-IVNS1ABP	IVNS1ABP
eGFP-CRAMP1L	CRAMP1L
MYF6	MYF6
BARHL1	BARHL1
DVL2	DVL2
eGFP-MMS19	MMS19
eGFP-KLF7	KLF7
ILF3	ILF3
MNT	MNT
eGFP-CNOT7	CNOT7
eGFP-KAT2B	KAT2B
eGFP-CRTC1	CRTC1
MSC	MSC
eGFP-CTCF	CTCF
IRF2	IRF2
FLAG-HHEX	HHEX
BRPF1	BRPF1
EBF3	EBF3
eGFP-MAFG	MAFG
KLF16	KLF16
OLIG2	OLIG2
eGFP-DHX38	DHX38
eGFP-MED31	MED31
ATOH7	ATOH7
eGFP-CBX8	CBX8
eGFP-HOXB3	HOXB3
KLF5	KLF5
eGFP-CEBPZ	CEBPZ
ADAMTS17	ADAMTS17
IRF6	IRF6
HMGB1	HMGB1
eGFP-MSX2	MSX2
LITAF	LITAF
eGFP-DDB2	DDB2
IRF9	IRF9
eGFP-CBX7	CBX7
DLX3	DLX3
eGFP-MXI1	MXI1
eGFP-EZH1	EZH1
eGFP-FANK1	FANK1
eGFP-NR2C1	NR2C1
eGFP-DAB2	DAB2
AHDC1	AHDC1
EP400	EP400
DLX4	DLX4
HNF1A	HNF1A
eGFP-FOXG1	FOXG1
DLX5	DLX5
HSFX1	HSFX1
eGFP-NAP1L4	NAP1L4
MAFF	MAFF
HNF4A	HNF4A
DMC1	DMC1
eGFP-EGR4	EGR4
BCL6B	BCL6B
eGFP-EN1	EN1
eGFP-FUBP3	FUBP3
HDAC2	HDAC2
DMRT3	DMRT3
eGFP-FMR1	FMR1
CHD9	CHD9
MAFG	MAFG
eGFP-GATA6	GATA6
DUS3L	DUS3L
eGFP-MED20	MED20
eGFP-GTF2A1	GTF2A1
CUL3	CUL3
BPNT1	BPNT1
eGFP-CNOT3	CNOT3
eGFP-GTF2H1	GTF2H1
MCM7	MCM7
eGFP-GTF2H4	GTF2H4
C11orf95	C11orf95
eGFP-MLLT6	MLLT6
PRRX2	PRRX2
KDM5B	KDM5B
eGFP-HIST1H2BN	HIST1H2BN
PTCHD2	PTCHD2
eGFP-HAX1	HAX1
DZIP1L	DZIP1L
C20orf194	C20orf194
IKZF3	IKZF3
eGFP-DDX5	DDX5
CASP5	CASP5
eGFP-HIVEP2	HIVEP2
NCOA3	NCOA3
eGFP-HIST1H1E	HIST1H1E
FLAG-SMAD1	SMAD1
eGFP-DMAP1	DMAP1
CBLL1	CBLL1
eGFP-PITX2	PITX2
ING4	ING4
CCDC71	CCDC71
DMRTA1	DMRTA1
eGFP-PDLIM1	PDLIM1
HNRNPK	HNRNPK
eGFP-PLAGL1	PLAGL1
NCOR1	NCOR1
L3MBTL4	L3MBTL4
CCAR2	CCAR2
RBM20	RBM20
CBX5	CBX5
MSX2	MSX2
HNRNPL	HNRNPL
FLAG-ATF1	ATF1
ATOH8	ATOH8
FLAG-ZNF160	ZNF160
EN1	EN1
ZMYM3	ZMYM3
eGFP-MAZ	MAZ
ZNF160	ZNF160
KLF2	KLF2
MTA2	MTA2
BACH2	BACH2
eGFP-POLR2D	POLR2D
CHD6	CHD6
OSR1	OSR1
NFATC3	NFATC3
HNRNPH1	HNRNPH1
HMBOX1	HMBOX1
NFE2	NFE2
SIX2	SIX2
eGFP-POLR3F	POLR3F
eGFP-IRX1	IRX1
SLC39A10	SLC39A10
MYBL2	MYBL2
eGFP-FOXL2	FOXL2
FLAG-ZNF791	ZNF791
COPS4	COPS4
eGFP-POU5F2	POU5F2
PSMC2	PSMC2
SOX30	SOX30
MYCN	MYCN
TBX6	TBX6
BRD9	BRD9
NFYA	NFYA
COPS3	COPS3
POU4F3	POU4F3
NFYB	NFYB
CPSF4	CPSF4
FLAG-HNF4G	HNF4G
JUN	JUN
ZNF639	ZNF639
HOXC9	HOXC9
eGFP-NFKBIL1	NFKBIL1
DMRTC2	DMRTC2
TIGD6	TIGD6
HOXD13	HOXD13
SETD7	SETD7
eGFP-POLR2E	POLR2E
FLAG-CENPBD1	CENPBD1
HSF1	HSF1
eGFP-L3MBTL2	L3MBTL2
DOT1L	DOT1L
TLX3	TLX3
PRDM10	PRDM10
DPF1	DPF1
FLAG-ZNF543	ZNF543
ZNF783	ZNF783
ID1	ID1
CUL1	CUL1
DPF3	DPF3
eGFP-MATR3	MATR3
eGFP-NRF1	NRF1
PRR12	PRR12
KAT2B	KAT2B
eGFP-PSIP1	PSIP1
eGFP-MEF2D	MEF2D
ID2	ID2
DUSP12	DUSP12
DACH2	DACH2
ID3	ID3
eGFP-PLAGL2	PLAGL2
eGFP-MED26	MED26
IKZF1	IKZF1
ERG	ERG
FLAG-PBX2	PBX2
POLR2B	POLR2B
eGFP-MAF1	MAF1
MAPK8	MAPK8
MTA1	MTA1
DBX2	DBX2
MTA3	MTA3
POLR3C	POLR3C
eGFP-MDM4	MDM4
eGFP-NFXL1	NFXL1
eGFP-MXD1	MXD1
SETDB2	SETDB2
eGFP-MED13	MED13
MEF2B	MEF2B
eGFP-MXD4	MXD4
FLAG-THAP2	THAP2
FLAG-HPB1	HPB1
GBX2	GBX2
NFIA	NFIA
FLAG-ZNF577	ZNF577
PAX7	PAX7
ZNF8	ZNF8
NFIB	NFIB
FLAG-ZNF124	ZNF124
eGFP-NUFIP1	NUFIP1
IRF1	IRF1
DMAP1	DMAP1
CBFA2T2	CBFA2T2
DEPDC1	DEPDC1
eGFP-MYCL	MYCL
DMRTB1	DMRTB1
eGFP-POU5F1	POU5F1
NFIC	NFIC
eGFP-NFKBIB	NFKBIB
FLAG-ZC3H12A	ZC3H12A
eGFP-NFKBIZ	NFKBIZ
ZNF174	ZNF174
eGFP-POLR1D	POLR1D
FLAG-ARID4B	ARID4B
eGFP-POLR2C	POLR2C
eGFP-HMGN3	HMGN3
NR2F1	NR2F1
ETV3L	ETV3L
MLLT10	MLLT10
eGFP-NKX3-1	NKX3-1
NR2F2	NR2F2
eGFP-NR1I3	NR1I3
IRF8	IRF8
JUNB	JUNB
eGFP-HNRNPK	HNRNPK
FLAG-PRMT5	PRMT5
NRF1	NRF1
eGFP-ORC3	ORC3
ORC4	ORC4
eGFP-FOXP4	FOXP4
eGFP-PATZ1	PATZ1
FLAG-E2F7	E2F7
ZNF230	ZNF230
OSR2	OSR2
EZH2phosphoT487	EZH2
eGFP-POLR2L	POLR2L
DPRX	DPRX
eGFP-ALYREF	ALYREF
eGFP-RAD51	RAD51
FLAG-ZNF592	ZNF592
BRWD1	BRWD1
eGFP-ARID4A	ARID4A
eGFP-CITED4	CITED4
eGFP-PAX6	PAX6
FLAG-SP2	SP2
FLAG-ZNF429	ZNF429
HSF2	HSF2
FLAG-ZNF283	ZNF283
eGFP-LSR	LSR
eGFP-ASH2L	ASH2L
HSF4	HSF4
FLAG-ZNF841	ZNF841
FLAG-NPAS2	NPAS2
CUL4A	CUL4A
eGFP-HES1	HES1
eGFP-PNRC2	PNRC2
FLAG-ZNF780A	ZNF780A
eGFP-HIST1H2BC	HIST1H2BC
TAF9B	TAF9B
FLAG-ZNF823	ZNF823
FLAG-ZNF318	ZNF318
ZNF141	ZNF141
RGS9	RGS9
CUL5	CUL5
PIAS2	PIAS2
DBX1	DBX1
PAX5	PAX5
FLAG-ZNF556	ZNF556
ZNF154	ZNF154
eGFP-POLR2G	POLR2G
DEPDC4	DEPDC4
PBX2	PBX2
TCEA1	TCEA1
KAT8	KAT8
EN2	EN2
FLAG-KMT2B	KMT2B
FLAG-ZNF680	ZNF680
eGFP-PML	PML
GAPDH	GAPDH
eGFP-RBCK1	RBCK1
FLAG-ZNF3	ZNF3
NFE2L2	NFE2L2
SIN3B	SIN3B
eGFP-CHD2	CHD2
ZNF25	ZNF25
FLAG-ZNF654	ZNF654
ZNF264	ZNF264
SOX18	SOX18
JUND	JUND
FLAG-AHR	AHR
FLAG-ZNF329	ZNF329
eGFP-POLR2J	POLR2J
PHF8	PHF8
eGFP-PRICKLE3	PRICKLE3
IRX2	IRX2
HDAC10	HDAC10
FLAG-ZNF616	ZNF616
FLAG-ZNF721	ZNF721
ZBTB21	ZBTB21
DMRTA2	DMRTA2
NR2C2	NR2C2
HDAC8	HDAC8
IRX4	IRX4
eGFP-PRRX2	PRRX2
HIF1AN	HIF1AN
KAT2A	KAT2A
ARID1B	ARID1B
eGFP-PTMA	PTMA
eGFP-POLR3E	POLR3E
C11orf30	C11orf30
ZFP14	ZFP14
eGFP-CDT1	CDT1
eGFP-PURA	PURA
KDM5A	KDM5A
TRIM24	TRIM24
eGFP-PAX3	PAX3
KLF13	KLF13
HES2	HES2
eGFP-PWP1	PWP1
FOXD2	FOXD2
DZIP1	DZIP1
eGFP-ELK3	ELK3
eGFP-HMG20B	HMG20B
FLAG-ZNF626	ZNF626
MLLT6	MLLT6
HIST1H1C	HIST1H1C
eGFP-RAD52	RAD52
ELF5	ELF5
ZNF134	ZNF134
TRERF1	TRERF1
eGFP-RAI1	RAI1
LDB1	LDB1
MAFA	MAFA
NFYC	NFYC
LEF1	LEF1
MKRN3	MKRN3
FLAG-ZNF707	ZNF707
FLAG-KDM1A	KDM1A
eGFP-ING4	ING4
NR1D2	NR1D2
eGFP-ATF4	ATF4
FAM171B	FAM171B
MRPL28	MRPL28
VAX2	VAX2
KLF3	KLF3
FLAG-ZNF786	ZNF786
FLAG-GATAD1	GATAD1
eGFP-RAI14	RAI14
FIZ1	FIZ1
MLXIPL	MLXIPL
FLAG-IRF7	IRF7
eGFP-DDB1	DDB1
PAWR	PAWR
RFX6	RFX6
eGFP-BCLAF1	BCLAF1
FLAG-ZNF644	ZNF644
EIF3CL	EIF3CL
eGFP-RARG	RARG
eGFP-POLR1B	POLR1B
ZC3H11B	ZC3H11B
FLAG-ZBTB14	ZBTB14
KLF7	KLF7
eGFP-RB1	RB1
FOXD4L1	FOXD4L1
eGFP-BNC1	BNC1
RUVBL1	RUVBL1
FLAG-ZNF284	ZNF284
eGFP-EN2	EN2
PBX1	PBX1
FOXE3	FOXE3
eGFP-SOWAHC	SOWAHC
LMO2	LMO2
FLAG-ZXDB	ZXDB
FLAG-FOXM1	FOXM1
ZFP37	ZFP37
eGFP-ESPL1	ESPL1
eGFP-RBBP8NL	RBBP8NL
eGFP-SOX15	SOX15
FLAG-ZNF286A	ZNF286A
ZNF211	ZNF211
FBXO41	FBXO41
FLAG-RERE	RERE
LMX1B	LMX1B
eGFP-CERS5	CERS5
FLAG-E2F3	E2F3
ZGLP1	ZGLP1
EOMES	EOMES
eGFP-RBL1	RBL1
eGFP-SOX3	SOX3
RFXANK	RFXANK
ZMAT1	ZMAT1
SPIB	SPIB
FLAG-NR2F6	NR2F6
FLAG-RAD21	RAD21
RNF2	RNF2
ORC6	ORC6
ZNF12	ZNF12
FOXC1	FOXC1
OVOL2	OVOL2
eGFP-FEV	FEV
eGFP-GRHL3	GRHL3
RUNX2	RUNX2
FEZF1	FEZF1
FLAG-MBD1	MBD1
eGFP-SP5	SP5
ZNF114	ZNF114
MAZ	MAZ
PHF21A	PHF21A
RXRA	RXRA
FLAG-FOXP1	FOXP1
ZNF282	ZNF282
SALL4	SALL4
FLAG-ZNF420	ZNF420
ESX1	ESX1
ZSCAN22	ZSCAN22
eGFP-PRDM16	PRDM16
eGFP-RAD54B	RAD54B
FLAG-ZNF281	ZNF281
eGFP-TADA2A	TADA2A
FLAG-KLF11	KLF11
eGFP-MTF1	MTF1
eGFP-OTX1	OTX1
ZNF14	ZNF14
eGFP-HMGB3	HMGB3
KLF9	KLF9
eGFP-TAF5	TAF5
eGFP-RARA	RARA
MYC	MYC
eGFP-ZBTB16	ZBTB16
FLAG-KDM6A	KDM6A
CREG1	CREG1
eGFP-MZF1	MZF1
ZNF165	ZNF165
FLII	FLII
NMI	NMI
eGFP-PHF23	PHF23
FLAG-ZNF485	ZNF485
NANOG	NANOG
eGFP-YY1	YY1
eGFP-RBBP4	RBBP4
DACH1	DACH1
MED26	MED26
FLAG-ZFPM1	ZFPM1
HKR1	HKR1
eGFP-RBBP7	RBBP7
GCM2	GCM2
eGFP-PRDM2	PRDM2
FLAG-SIX1	SIX1
eGFP-CDC5L	CDC5L
GTF2IRD1	GTF2IRD1
MEF2A	MEF2A
eGFP-PITX1	PITX1
PBX3	PBX3
TRIP4	TRIP4
HMX1	HMX1
ZNF233	ZNF233
GATAD2B	GATAD2B
ZBTB3	ZBTB3
HOPX	HOPX
FLAG-ZNF808	ZNF808
FLAG-ZBTB3	ZBTB3
FLAG-POU5F1	POU5F1
FLAG-SAP130	SAP130
eGFP-ZNF132	ZNF132
ZNF273	ZNF273
NR2F6	NR2F6
SIRT6	SIRT6
FLAG-ZBTB46	ZBTB46
FLAG-BHLHA9	BHLHA9
MIER3	MIER3
ZC3H6	ZC3H6
FLAG-TRIM28	TRIM28
ZNF30	ZNF30
NR3C1	NR3C1
eGFP-ZFP3	ZFP3
ZNF354A	ZNF354A
FLAG-FOXE3	FOXE3
eGFP-TP53	TP53
eGFP-EIF2AK2	EIF2AK2
eGFP-TRRAP	TRRAP
FLAG-ZNF581	ZNF581
FLAG-HELT	HELT
eGFP-ANKZF1	ANKZF1
eGFP-ELF3	ELF3
ZNF100	ZNF100
PML	PML
POLR2A	POLR2A
HMGB3	HMGB3
eGFP-PYGO2	PYGO2
FLAG-NR5A1	NR5A1
eGFP-HOXD11	HOXD11
MLLT1	MLLT1
FLAG-KAT7	KAT7
FLAG-AEBP2	AEBP2
eGFP-BCL11A	BCL11A
SIRT1	SIRT1
eGFP-ZBTB8A	ZBTB8A
ZNF439	ZNF439
HOXD8	HOXD8
eGFP-TFEB	TFEB
HP1BP3	HP1BP3
FLAG-ZNF780B	ZNF780B
eGFP-ZFP62	ZFP62
POLR3G	POLR3G
eGFP-TIAL1	TIAL1
SMAD5	SMAD5
eGFP-RFX1	RFX1
MLLT3	MLLT3
eGFP-ABTB1	ABTB1
FLAG-GATA6	GATA6
eGFP-ZBTB7A	ZBTB7A
SMAD7	SMAD7
ZNF566	ZNF566
eGFP-IRF8	IRF8
HOXC8	HOXC8
MYT1	MYT1
eGFP-HOXD13	HOXD13
IKZF2	IKZF2
SMARCA2	SMARCA2
ZNF568	ZNF568
MACF1	MACF1
IRX6	IRX6
SMARCB1	SMARCB1
eGFP-HNF4A	HNF4A
FLAG-NR2C2	NR2C2
eGFP-TRIP11	TRIP11
eGFP-ZNF189	ZNF189
ZNF574	ZNF574
eGFP-GFI1B	GFI1B
THAP2	THAP2
FLAG-ZNF331	ZNF331
FLAG-ZNF660	ZNF660
FLAG-CASZ1	CASZ1
ZNF542P	ZNF542P
eGFP-ZNF22	ZNF22
ZNF260	ZNF260
eGFP-PPARGC1A	PPARGC1A
eGFP-ZNF214	ZNF214
eGFP-C1orf109	C1orf109
FLAG-ZNF620	ZNF620
MESP2	MESP2
eGFP-ZNF229	ZNF229
eGFP-HOXB9	HOXB9
MAX	MAX
eGFP-PPARGC1B	PPARGC1B
eGFP-ZBTB14	ZBTB14
eGFP-CBX6	CBX6
eGFP-GTF2H2	GTF2H2
SMAD2	SMAD2
PHOX2B	PHOX2B
eGFP-PQBP1	PQBP1
MKRN2	MKRN2
ZNF613	ZNF613
eGFP-HCLS1	HCLS1
SMAD6	SMAD6
SOX13	SOX13
FLAG-WIZ	WIZ
eGFP-PRDM10	PRDM10
eGFP-ZKSCAN5	ZKSCAN5
eGFP-ZNF26	ZNF26
RAD21	RAD21
FLAG-ZNF697	ZNF697
SOX15	SOX15
eGFP-HTATIP2	HTATIP2
eGFP-HEY1	HEY1
eGFP-ZNF491	ZNF491
FLAG-CERS3	CERS3
eGFP-ID1	ID1
eGFP-ZNF131	ZNF131
FLAG-REL	REL
eGFP-RNPS1	RNPS1
eGFP-ZNF148	ZNF148
RNF114	RNF114
MCM5	MCM5
FLAG-HKR1	HKR1
FLAG-RFX5	RFX5
SREBF1	SREBF1
FLAG-ZNF800	ZNF800
FOXD4L4	FOXD4L4
eGFP-PREB	PREB
eGFP-ETV5	ETV5
RARG	RARG
OTOP3	OTOP3
eGFP-CREB3	CREB3
FLAG-MEIS1	MEIS1
SRF	SRF
ZNF69	ZNF69
eGFP-RBM14	RBM14
eGFP-ZNF460	ZNF460
PGR	PGR
eGFP-ZNF558	ZNF558
eGFP-ZNF692	ZNF692
eGFP-IRF9	IRF9
eGFP-DEDD	DEDD
FLAG-ZNF180	ZNF180
FOXF2	FOXF2
eGFP-RBM7	RBM7
eGFP-ZNF547	ZNF547
SIM2	SIM2
eGFP-RXRA	RXRA
HOXA7	HOXA7
PITX1	PITX1
SMARCC1	SMARCC1
SRSF3	SRSF3
eGFP-E2F5	E2F5
PBRM1	PBRM1
eGFP-KDM4A	KDM4A
eGFP-ZNF226	ZNF226
ZNF738	ZNF738
DNAJC1	DNAJC1
eGFP-RBPJ	RBPJ
eGFP-CASZ1	CASZ1
eGFP-RXRG	RXRG
ZNF366	ZNF366
eGFP-RYBP	RYBP
FLAG-RNF219	RNF219
FLAG-ZNF554	ZNF554
eGFP-BCL11B	BCL11B
eGFP-EZH2	EZH2
SNAI1	SNAI1
SRSF7	SRSF7
SUV420H1	SUV420H1
ZNF423	ZNF423
eGFP-ZNF251	ZNF251
FLAG-IRF9	IRF9
ZBTB20	ZBTB20
ZNF77	ZNF77
CERS5	CERS5
eGFP-FOXN2	FOXN2
eGFP-CHD8	CHD8
ZBTB46	ZBTB46
DRGX	DRGX
eGFP-ZNF664	ZNF664
eGFP-SAP30	SAP30
ZNF483	ZNF483
eGFP-ZNF45	ZNF45
eGFP-ZNF85	ZNF85
ZNF804A	ZNF804A
eGFP-RFX5	RFX5
PLXNA3	PLXNA3
eGFP-MAFB	MAFB
ZNF493	ZNF493
eGFP-ZNF454	ZNF454
ZIC5	ZIC5
FLAG-CTCF	CTCF
POU2F2	POU2F2
PLXNB2	PLXNB2
eGFP-ZNF697	ZNF697
ZNF839	ZNF839
eGFP-OVOL3	OVOL3
ZNF184	ZNF184
eGFP-GLIS1	GLIS1
DVL3	DVL3
ZNF524	ZNF524
SP1	SP1
eGFP-ZNF781	ZNF781
FLAG-UBTF	UBTF
POU5F1	POU5F1
PMS1	PMS1
eGFP-HOXD3	HOXD3
PPARA	PPARA
SPDEF	SPDEF
ZNF287	ZNF287
REST	REST
eGFP-RHOXF2	RHOXF2
eGFP-EHMT2	EHMT2
TADA2B	TADA2B
eGFP-INSM1	INSM1
eGFP-ERCC2	ERCC2
ZNF556	ZNF556
SCML4	SCML4
eGFP-SERTAD3	SERTAD3
RFX1	RFX1
eGFP-HEXIM1	HEXIM1
eGFP-ZNF561	ZNF561
ZNF316	ZNF316
ETV7	ETV7
eGFP-ZNF43	ZNF43
FLAG-ZNF713	ZNF713
eGFP-NFE2L2	NFE2L2
MAFK	MAFK
SREBF2	SREBF2
eGFP-SP1	SP1
TCF23	TCF23
PRDM16	PRDM16
SHPRH	SHPRH
FEZF2	FEZF2
FLAG-ZNF691	ZNF691
eGFP-SP8	SP8
eGFP-REPIN1	REPIN1
eGFP-PPARD	PPARD
eGFP-HMGN4	HMGN4
eGFP-TRPS1	TRPS1
eGFP-NPAS2	NPAS2
eGFP-ZNF594	ZNF594
TCF7L2	TCF7L2
eGFP-ANKRD10	ANKRD10
eGFP-ZNF490	ZNF490
FLAG-LIN54	LIN54
KRTAP9-9	KRTAP9-9
POLR2AphosphoS5	POLR2A
TEAD1	TEAD1
eGFP-TTF2	TTF2
eGFP-RING1	RING1
FLAG-ZNF775	ZNF775
eGFP-NPAS1	NPAS1
MEIS3P2	MEIS3P2
ZSCAN31	ZSCAN31
FLAG-ZNF799	ZNF799
eGFP-TAF9	TAF9
FLAG-E2F5	E2F5
eGFP-ZNF556	ZNF556
eGFP-NR2F1	NR2F1
eGFP-NR5A2	NR5A2
eGFP-WHSC1L1	WHSC1L1
TRIM32	TRIM32
TFEB	TFEB
eGFP-ZNF548	ZNF548
MEOX2	MEOX2
FLAG-ZBTB2	ZBTB2
eGFP-HOXD12	HOXD12
eGFP-ZNF264	ZNF264
TRMT1	TRMT1
FLAG-NR1H3	NR1H3
FLAG-ZNF772	ZNF772
FLAG-ZNF33B	ZNF33B
MIER2	MIER2
FLAG-ZNF121	ZNF121
eGFP-PCBD2	PCBD2
eGFP-BATF	BATF
eGFP-CUX1	CUX1
ZNF654	ZNF654
eGFP-TGIF1	TGIF1
eGFP-ZBTB48	ZBTB48
eGFP-ZNF414	ZNF414
eGFP-ZNF155	ZNF155
eGFP-ZNF346	ZNF346
FLAG-NCOA6	NCOA6
TFCP2L1	TFCP2L1
eGFP-BHLHE41	BHLHE41
eGFP-IRF3	IRF3
TFDP1	TFDP1
MKX	MKX
eGFP-RUVBL2	RUVBL2
TP53	TP53
eGFP-TNFAIP3	TNFAIP3
eGFP-BMI1	BMI1
NEUROG3	NEUROG3
ZNF705E	ZNF705E
FLAG-E2F4	E2F4
eGFP-ZNF391	ZNF391
NR2E1	NR2E1
FLAG-RFX2	RFX2
TP73	TP73
eGFP-ZIM2	ZIM2
NKX2-5	NKX2-5
eGFP-TOE1	TOE1
KMT2E	KMT2E
eGFP-BCOR	BCOR
eGFP-ZNF691	ZNF691
MXI1	MXI1
FLAG-ZNF184	ZNF184
ZNF573	ZNF573
THAP11	THAP11
eGFP-BUD31	BUD31
TRIM28	TRIM28
eGFP-POU2F2	POU2F2
eGFP-ZNF408	ZNF408
PAX2	PAX2
eGFP-EGR2	EGR2
eGFP-BOLA2	BOLA2
eGFP-ZNF485	ZNF485
REL	REL
PDX1	PDX1
RELA	RELA
THRB	THRB
FLAG-TERF1	TERF1
eGFP-SCAND1	SCAND1
eGFP-CENPK	CENPK
eGFP-TSHZ1	TSHZ1
NCOA1	NCOA1
FLAG-MLXIP	MLXIP
ZNF621	ZNF621
TBX22	TBX22
eGFP-UBN1	UBN1
PLAGL2	PLAGL2
ZNF653	ZNF653
FLAG-AHCTF1	AHCTF1
eGFP-ZFP36L1	ZFP36L1
PCBP2	PCBP2
eGFP-POGK	POGK
ZNF615	ZNF615
eGFP-RBM15B	RBM15B
FLAG-SSRP1	SSRP1
FLAG-ZIK1	ZIK1
eGFP-PPARA	PPARA
ZNF689	ZNF689
eGFP-DBP	DBP
eGFP-HTATSF1	HTATSF1
FLAG-SMAD4	SMAD4
eGFP-RBMX	RBMX
eGFP-MED15	MED15
eGFP-ZNF140	ZNF140
eGFP-EGR3	EGR3
eGFP-NFATC2	NFATC2
ZNF726	ZNF726
FLAG-ZNF146	ZNF146
ZNF23	ZNF23
eGFP-PRDM4	PRDM4
ZNF737	ZNF737
eGFP-NFIC	NFIC
eGFP-KLF9	KLF9
ZNF397	ZNF397
FLAG-HLF	HLF
ZNF286B	ZNF286B
eGFP-REXO4	REXO4
RUNX1	RUNX1
eGFP-EEF1A1	EEF1A1
ZFYVE19	ZFYVE19
eGFP-NFKBIA	NFKBIA
FLAG-PAWR	PAWR
TERB1	TERB1
eGFP-FOXJ2	FOXJ2
eGFP-SPOP	SPOP
eGFP-CBFA2T3	CBFA2T3
eGFP-ZNF2	ZNF2
ZNF429	ZNF429
eGFP-NCOA5	NCOA5
FLAG-VSX2	VSX2
eGFP-GABPB2	GABPB2
PPP2R3B	PPP2R3B
eGFP-SRSF6	SRSF6
eGFP-ZFP37	ZFP37
ZNF460	ZNF460
eGFP-NOTCH1	NOTCH1
FLAG-KLF16	KLF16
FLAG-ZNF853	ZNF853
FLAG-SMAD9	SMAD9
eGFP-CERS4	CERS4
FLAG-AFF4	AFF4
eGFP-RFX2	RFX2
PRDM13	PRDM13
eGFP-NR0B2	NR0B2
eGFP-CLASRP	CLASRP
eGFP-ZNF32	ZNF32
GATA5	GATA5
ZNF645	ZNF645
FLAG-CIC	CIC
eGFP-NR4A2	NR4A2
eGFP-SUPT5H	SUPT5H
eGFP-HDAC6	HDAC6
POU5F2	POU5F2
TSC22D1	TSC22D1
eGFP-ZNF33B	ZNF33B
eGFP-HIVEP1	HIVEP1
NBN	NBN
FLAG-ZNF549	ZNF549
ARID5A	ARID5A
FLAG-RARA	RARA
RFXAP	RFXAP
eGFP-CNTRL	CNTRL
ZSCAN5A	ZSCAN5A
ZNF611	ZNF611
FLAG-LHX5	LHX5
PRKRIR	PRKRIR
eGFP-ZNF117	ZNF117
ZNF627	ZNF627
CBFA2T3	CBFA2T3
ZNF844	ZNF844
eGFP-ZNF429	ZNF429
FLAG-ZZZ3	ZZZ3
eGFP-POLR1A	POLR1A
eGFP-GZF1	GZF1
RARA	RARA
eGFP-ZBTB44	ZBTB44
ZNF879	ZNF879
FARSB	FARSB
ZNF680	ZNF680
eGFP-POLR2B	POLR2B
eGFP-HIST1H2BE	HIST1H2BE
eGFP-RUVBL1	RUVBL1
FLAG-ZNF219	ZNF219
HOXA2	HOXA2
eGFP-DPF2	DPF2
eGFP-ZNF675	ZNF675
ZNF700	ZNF700
eGFP-POLR3A	POLR3A
eGFP-ZNF174	ZNF174
eGFP-KAT6A	KAT6A
NCOR2	NCOR2
FLAG-ZNF263	ZNF263
eGFP-RXRB	RXRB
RELL2	RELL2
FLAG-MXD1	MXD1
eGFP-ZNF544	ZNF544
eGFP-KLF10	KLF10
eGFP-ZFP2	ZFP2
FLAG-TEAD2	TEAD2
ZNF750	ZNF750
NEUROD1	NEUROD1
SIX5	SIX5
ZNF835	ZNF835
eGFP-GCFC2	GCFC2
eGFP-POLR2A	POLR2A
eGFP-AFP	AFP
eGFP-ZSCAN4	ZSCAN4
eGFP-KLF15	KLF15
NFATC1	NFATC1
ZNF843	ZNF843
ZSCAN2	ZSCAN2
UBE2K	UBE2K
eGFP-SAFB2	SAFB2
NFATC2	NFATC2
ZSCAN23	ZSCAN23
FLAG-ZNF217	ZNF217
eGFP-SALL3	SALL3
VDR	VDR
XPA	XPA
RCOR1	RCOR1
FLAG-PRDM15	PRDM15
eGFP-HDAC7	HDAC7
FLAG-ADNP2	ADNP2
eGFP-BTG1	BTG1
FLAG-ZMAT5	ZMAT5
eGFP-ZNF629	ZNF629
eGFP-SAP18	SAP18
eGFP-ZNF529	ZNF529
FLAG-ZKSCAN8	ZKSCAN8
ZNF80	ZNF80
eGFP-ZNF418	ZNF418
eGFP-GTF3C4	GTF3C4
FLAG-ZMAT3	ZMAT3
FLAG-MYPOP	MYPOP
SMARCC2	SMARCC2
eGFP-ZNF714	ZNF714
eGFP-GLIS3	GLIS3
FLAG-ZNF639	ZNF639
eGFP-HEY2	HEY2
eGFP-SCML1	SCML1
FLAG-USF3	USF3
SMC3	SMC3
FAM170A	FAM170A
eGFP-ZNF654	ZNF654
eGFP-ZNF518A	ZNF518A
eGFP-ZNF589	ZNF589
STAT1	STAT1
FLAG-NFKB1	NFKB1
NFIX	NFIX
eGFP-ZNF546	ZNF546
FLAG-ZHX3	ZHX3
eGFP-SNRNP27	SNRNP27
NFRKB	NFRKB
FLAG-ZNF117	ZNF117
eGFP-ZNF644	ZNF644
STAT3	STAT3
eGFP-INSM2	INSM2
FLAG-ZUFSP	ZUFSP
FLAG-ZNF14	ZNF14
FLAG-SMAD2	SMAD2
TFDP3	TFDP3
eGFP-CHD1	CHD1
FLAG-GABPB1	GABPB1
eGFP-HLX	HLX
eGFP-CLOCK	CLOCK
GLIS3	GLIS3
eGFP-ZNF93	ZNF93
SOX2	SOX2
YBX1	YBX1
SMARCA1	SMARCA1
TIGD2	TIGD2
eGFP-ZNF277	ZNF277
FLAG-MYRF	MYRF
STAT5B	STAT5B
FLAG-RORC	RORC
eGFP-PRDM1	PRDM1
eGFP-ZNF549	ZNF549
H1F0	H1F0
eGFP-ZNF777	ZNF777
NKX2-1	NKX2-1
eGFP-SSBP3	SSBP3
SOX4	SOX4
HES7	HES7
eGFP-SAP30BP	SAP30BP
FLAG-IRX3	IRX3
eGFP-SSX5	SSX5
PLXNC1	PLXNC1
eGFP-KLF17	KLF17
eGFP-ZSCAN16	ZSCAN16
eGFP-ZNF791	ZNF791
eGFP-NR1H4	NR1H4
PSMD12	PSMD12
eGFP-ZNF354C	ZNF354C
ZBED2	ZBED2
eGFP-ZNF792	ZNF792
NPAS2	NPAS2
eGFP-NRBF2	NRBF2
SPI1	SPI1
eGFP-SCAF1	SCAF1
SYNCRIP	SYNCRIP
eGFP-ZNF397	ZNF397
ZBTB22	ZBTB22
FLAG-SOX12	SOX12
eGFP-PRPF4B	PRPF4B
eGFP-PRDM12	PRDM12
FLAG-PHF5A	PHF5A
eGFP-ZNF80	ZNF80
ZBTB8A	ZBTB8A
GSC	GSC
eGFP-ENO1	ENO1
FLAG-RXRA	RXRA
HIST1H1T	HIST1H1T
eGFP-ZNF436	ZNF436
FLAG-RBPJ	RBPJ
eGFP-PTRF	PTRF
eGFP-TCEB2	TCEB2
eGFP-PTTG1	PTTG1
FLAG-FOXA2	FOXA2
eGFP-ZNF449	ZNF449
eGFP-SIX5	SIX5
eGFP-ID4	ID4
NR4A1	NR4A1
eGFP-TCOF1	TCOF1
ZBTB4	ZBTB4
TARDBP	TARDBP
eGFP-PRDM6	PRDM6
FLAG-ZNF668	ZNF668
FLAG-NKX2-4	NKX2-4
FLAG-EGR3	EGR3
FLAG-DNMT3B	DNMT3B
FLAG-ONECUT1	ONECUT1
eGFP-SMARCC2	SMARCC2
eGFP-ZEB1	ZEB1
KLF12	KLF12
FLAG-ZFP41	ZFP41
PATZ1	PATZ1
FLAG-NRL	NRL
eGFP-ZNF592	ZNF592
eGFP-SOX4	SOX4
eGFP-KLF4	KLF4
FLAG-TCF25	TCF25
FLAG-IRF5	IRF5
SLC4A10	SLC4A10
FLAG-ZBTB43	ZBTB43
FLAG-CREB1	CREB1
eGFP-TLE3	TLE3
eGFP-ZNF572	ZNF572
TAX1BP1	TAX1BP1
eGFP-BHLHA15	BHLHA15
SIX3	SIX3
eGFP-GTF2E1	GTF2E1
FLAG-NFXL1	NFXL1
eGFP-ZSCAN5C	ZSCAN5C
FLAG-HBP1	HBP1
FLAG-ZNF524	ZNF524
ZNF652	ZNF652
eGFP-MBD2	MBD2
eGFP-ZIC3	ZIC3
FLAG-ZNF274	ZNF274
eGFP-MYNN	MYNN
eGFP-RBAK	RBAK
UNCX	UNCX
FLAG-ATOH1	ATOH1
FLAG-ZNF573	ZNF573
eGFP-BRD1	BRD1
eGFP-GMEB1	GMEB1
eGFP-ZNF707	ZNF707
FLAG-TEAD3	TEAD3
TCFL5	TCFL5
eGFP-CCND1	CCND1
ZNF479	ZNF479
FLAG-INSM1	INSM1
FLAG-MIER1	MIER1
FLAG-ZNF813	ZNF813
POU1F1	POU1F1
FLAG-TADA2B	TADA2B
FLAG-TFDP1	TFDP1
FLAG-ATF4	ATF4
eGFP-ZNF747	ZNF747
FLAG-SLC30A9	SLC30A9
FLAG-ZNF621	ZNF621
ZNF512B	ZNF512B
FLAG-ISX	ISX
ZNF17	ZNF17
ZNF787	ZNF787
FLAG-ZNF253	ZNF253
STAT4	STAT4
eGFP-POLR2K	POLR2K
eGFP-ZSCAN30	ZSCAN30
eGFP-ZNF680	ZNF680
PCBP1	PCBP1
eGFP-ZNF788	ZNF788
eGFP-ZNF768	ZNF768
SHOX2	SHOX2
ZKSCAN7	ZKSCAN7
FLAG-STAT6	STAT6
FLAG-ZNF792	ZNF792
FLAG-KDM3A	KDM3A
eGFP-SFMBT1	SFMBT1
eGFP-CNOT8	CNOT8
eGFP-POU4F1	POU4F1
ZNF44	ZNF44
PLEK	PLEK
FLAG-ZNF443	ZNF443
eGFP-SALL4	SALL4
eGFP-ELL2	ELL2
NFIL3	NFIL3
eGFP-IKZF3	IKZF3
FLAG-ZNF652	ZNF652
eGFP-PPAN	PPAN
TCP1	TCP1
ZNF29P	ZNF29P
NOTCH2	NOTCH2
eGFP-ZNF585B	ZNF585B
TWIST1	TWIST1
PKNOX1	PKNOX1
eGFP-REST	REST
FLAG-ZFP90	ZFP90
FLAG-ZNF254	ZNF254
eGFP-FOSL1	FOSL1
TSHZ3	TSHZ3
eGFP-RCOR2	RCOR2
eGFP-FOXA3	FOXA3
eGFP-PPARG	PPARG
ZNF619	ZNF619
FLAG-ZNF267	ZNF267
eGFP-RELB	RELB
eGFP-ZDHHC13	ZDHHC13
ZBTB41	ZBTB41
POLR2AphosphoS2	POLR2A
TRIM37	TRIM37
eGFP-ASB8	ASB8
eGFP-TAF1C	TAF1C
eGFP-RFC1	RFC1
ZNF181	ZNF181
eGFP-ZFP1	ZFP1
FLAG-ETV1	ETV1
ZBTB9	ZBTB9
ZNF197	ZNF197
eGFP-CNOT2	CNOT2
FLAG-ZNF487	ZNF487
ZFP28	ZFP28
FLAG-HOMEZ	HOMEZ
eGFP-DDIT3	DDIT3
eGFP-ING2	ING2
FLAG-ZNF432	ZNF432
POU3F2	POU3F2
ZNF329	ZNF329
eGFP-DNMT1	DNMT1
ZNF549	ZNF549
TAL1	TAL1
TSC22D2	TSC22D2
eGFP-ING5	ING5
eGFP-ING3	ING3
TSC22D3	TSC22D3
eGFP-IRF6	IRF6
FLAG-PITX1	PITX1
ZNF101	ZNF101
eGFP-KAT7	KAT7
eGFP-ZNF184	ZNF184
eGFP-HES5	HES5
eGFP-ZSCAN1	ZSCAN1
FLAG-MLLT10	MLLT10
FLAG-ZKSCAN5	ZKSCAN5
eGFP-RNF141	RNF141
ZNF433	ZNF433
ZNF772	ZNF772
ZNF721	ZNF721
PTBP1	PTBP1
FLAG-RFX7	RFX7
FLAG-ZNF512B	ZNF512B
ZIM2	ZIM2
eGFP-LHX6	LHX6
eGFP-ZNF207	ZNF207
RBPJ	RBPJ
eGFP-ZFP69B	ZFP69B
eGFP-ZNF23	ZNF23
ZNF764	ZNF764
ZNF138	ZNF138
eGFP-RNF2	RNF2
FLAG-NFATC2	NFATC2
ZNF608	ZNF608
eGFP-MED8	MED8
FLAG-MIER2	MIER2
eGFP-KRBA1	KRBA1
eGFP-ZNF571	ZNF571
eGFP-FEZF1	FEZF1
USF2	USF2
eGFP-LCORL	LCORL
eGFP-FOSL2	FOSL2
FLAG-E2F1	E2F1
eGFP-RNF6	RNF6
FLAG-NFIL3	NFIL3
eGFP-LHX4	LHX4
eGFP-ZSCAN23	ZSCAN23
eGFP-MYEF2	MYEF2
FLAG-C20orf194	C20orf194
ZNF774	ZNF774
ZNF678	ZNF678
TCF7	TCF7
VEZF1	VEZF1
eGFP-ZNF800	ZNF800
ZNF418	ZNF418
eGFP-RREB1	RREB1
FLAG-ZNF669	ZNF669
FLAG-RFXANK	RFXANK
eGFP-ZSCAN20	ZSCAN20
eGFP-RSF1	RSF1
TAF7	TAF7
TBL1XR1	TBL1XR1
ZNF570	ZNF570
FLAG-ZNF516	ZNF516
ZNF449	ZNF449
RBBP5	RBBP5
eGFP-HES6	HES6
eGFP-MED30	MED30
TBX2	TBX2
FOXB2	FOXB2
eGFP-SOX2	SOX2
FLAG-TBX15	TBX15
eGFP-HOXB4	HOXB4
eGFP-MECOM	MECOM
FLAG-DBX2	DBX2
ZNF271P	ZNF271P
eGFP-MIS18BP1	MIS18BP1
eGFP-ZNF280C	ZNF280C
ZNF605	ZNF605
FLAG-ZNF85	ZNF85
ZNF468	ZNF468
TCF3	TCF3
FLAG-ZBED4	ZBED4
FLAG-ZNF749	ZNF749
eGFP-KMT2B	KMT2B
eGFP-RNF4	RNF4
FLAG-HMG20A	HMG20A
eGFP-SPI1	SPI1
ZNF517	ZNF517
eGFP-SALL2	SALL2
eGFP-ZNF696	ZNF696
FLAG-IRF2	IRF2
eGFP-ZSCAN29	ZSCAN29
eGFP-ZNF280D	ZNF280D
eGFP-BNC2	BNC2
TCF4	TCF4
GSX1	GSX1
FLAG-ZNF385C	ZNF385C
TEAD3	TEAD3
eGFP-ZNF711	ZNF711
eGFP-MED17	MED17
eGFP-RORC	RORC
eGFP-SUGP1	SUGP1
ZNF557	ZNF557
ZNF92	ZNF92
FLAG-ZBTB25	ZBTB25
eGFP-NAB1	NAB1
ZSCAN29	ZSCAN29
ZNF683	ZNF683
YY1AP1	YY1AP1
ZNF540	ZNF540
eGFP-TBX18	TBX18
eGFP-MLX	MLX
eGFP-TAF12	TAF12
eGFP-NRIP1	NRIP1
RB1	RB1
FLAG-ZNF34	ZNF34
eGFP-ZNF843	ZNF843
TERF2	TERF2
eGFP-ZNF175	ZNF175
PLEK2	PLEK2
FLAG-GABPA	GABPA
TEAD2	TEAD2
eGFP-PAX8	PAX8
eGFP-ZNF19	ZNF19
eGFP-ZNF267	ZNF267
FLAG-ZNF765	ZNF765
eGFP-ZNF530	ZNF530
TFAP2A	TFAP2A
FLAG-ZKSCAN2	ZKSCAN2
FLAG-KLF6	KLF6
eGFP-ZNF555	ZNF555
TFAP4	TFAP4
TFAP2C	TFAP2C
eGFP-CTNNBL1	CTNNBL1
eGFP-TARBP2	TARBP2
eGFP-TLE1	TLE1
eGFP-ZNF296	ZNF296
FLAG-KLF12	KLF12
TEAD4	TEAD4
eGFP-ZSCAN18	ZSCAN18
FLAG-ZNF441	ZNF441
FLAG-ZNF761	ZNF761
eGFP-TBP	TBP
THAP1	THAP1
eGFP-PHF2	PHF2
eGFP-ZNF347	ZNF347
TERF1	TERF1
FLAG-HOXA4	HOXA4
FLAG-IRF1	IRF1
ZNF562	ZNF562
SETD2	SETD2
eGFP-PHF5A	PHF5A
eGFP-DVL3	DVL3
FLAG-ELK1	ELK1
ZNF57	ZNF57
eGFP-POLR3K	POLR3K
THAP5	THAP5
eGFP-TFAP4	TFAP4
eGFP-SCRT1	SCRT1
eGFP-HIC1	HIC1
eGFP-E2F3	E2F3
ZBTB7B	ZBTB7B
eGFP-AHCTF1	AHCTF1
eGFP-ZNF658	ZNF658
FLAG-ZNF341	ZNF341
eGFP-PHF10	PHF10
FLAG-ZNF28	ZNF28
UBTF	UBTF
MEIS3P1	MEIS3P1
eGFP-THAP7	THAP7
eGFP-USF1	USF1
eGFP-ZNF611	ZNF611
eGFP-ZNF423	ZNF423
eGFP-ZNF382	ZNF382
FLAG-ZNF839	ZNF839
FLAG-CAMTA1	CAMTA1
FLAG-ARID5A	ARID5A
eGFP-BAP1	BAP1
ZNF780B	ZNF780B
eGFP-HBP1	HBP1
FLAG-ARHGAP35	ARHGAP35
TP63	TP63
FLAG-HOXA3	HOXA3
TLX1	TLX1
eGFP-YY2	YY2
eGFP-ELK4	ELK4
ZNF808	ZNF808
eGFP-ZBTB20	ZBTB20
eGFP-ZBTB12	ZBTB12
eGFP-BCL3	BCL3
eGFP-ZNF250	ZNF250
eGFP-BRWD1	BRWD1
eGFP-FXR2	FXR2
POU3F3	POU3F3
eGFP-ESR2	ESR2
ZNF582	ZNF582
eGFP-GTF2H3	GTF2H3
eGFP-ZBTB10	ZBTB10
eGFP-DMRTA1	DMRTA1
eGFP-FBXO4	FBXO4
eGFP-ZNF560	ZNF560
FLAG-SP5	SP5
FLAG-ZNF611	ZNF611
SP2	SP2
ZSCAN5C	ZSCAN5C
ZNF577	ZNF577
eGFP-FOXD1	FOXD1
eGFP-MNT	MNT
FLAG-ZFP64	ZFP64
eGFP-ZNF610	ZNF610
eGFP-ZNF384	ZNF384
eGFP-ZNF274	ZNF274
eGFP-MXD3	MXD3
eGFP-CREM	CREM
FARSA	FARSA
eGFP-DLX2	DLX2
SOX3	SOX3
ZNF697	ZNF697
eGFP-ZNF488	ZNF488
FLAG-CCDC17	CCDC17
FLAG-SRF	SRF
FLAG-RFX3	RFX3
eGFP-ZNF507	ZNF507
FLAG-SATB2	SATB2
FLAG-ZNF282	ZNF282
FLAG-CERS6	CERS6
eGFP-ZNF281	ZNF281
RUNX3	RUNX3
ZNF747	ZNF747
eGFP-GON4L	GON4L
FLAG-ZNF629	ZNF629
FLAG-JUNB	JUNB
FLAG-DRAP1	DRAP1
SOX9	SOX9
FLAG-NR2C1	NR2C1
CDAN1	CDAN1
SOX11	SOX11
WRNIP1	WRNIP1
FLAG-ZNF706	ZNF706
eGFP-ZNF596	ZNF596
FLAG-ZNF382	ZNF382
SAP30	SAP30
eGFP-HAND1	HAND1
FOXC2	FOXC2
eGFP-ZFHX2	ZFHX2
eGFP-TAF1B	TAF1B
USF1	USF1
SRSF4	SRSF4
FOXJ2	FOXJ2
FLAG-GFI1	GFI1
eGFP-SALL1	SALL1
FLAG-MIXL1	MIXL1
eGFP-ZNF580	ZNF580
XRCC4	XRCC4
SCML1	SCML1
eGFP-ZNF335	ZNF335
VSX2	VSX2
eGFP-ZNF708	ZNF708
eGFP-ZNF419	ZNF419
YEATS4	YEATS4
FLAG-TFE3	TFE3
SETDB1	SETDB1
eGFP-FUBP1	FUBP1
FLAG-RBPJL	RBPJL
EVX2	EVX2
FLAG-ZNF511	ZNF511
FLAG-SNAPC4	SNAPC4
eGFP-ZNF496	ZNF496
WDHD1	WDHD1
eGFP-ZNF660	ZNF660
ZBED1	ZBED1
FLAG-ZSCAN21	ZSCAN21
SIX4	SIX4
WHSC1	WHSC1
eGFP-HIST1H1C	HIST1H1C
HIST1H1B	HIST1H1B
WIZ	WIZ
STAT2	STAT2
FLAG-ZNF142	ZNF142
eGFP-FOXH1	FOXH1
XBP1	XBP1
eGFP-ZNF778	ZNF778
HLX	HLX
eGFP-FOXQ1	FOXQ1
ZNF454	ZNF454
eGFP-HIST1H2BJ	HIST1H2BJ
ZFHX2	ZFHX2
ZBTB2	ZBTB2
eGFP-ZNF829	ZNF829
ZNF462	ZNF462
eGFP-ZNF70	ZNF70
ZFR2	ZFR2
FLAG-MLX	MLX
FLAG-NFKBID	NFKBID
ZNF121	ZNF121
FLAG-ATF6	ATF6
eGFP-FXR1	FXR1
FLAG-MYBL1	MYBL1
eGFP-ZNF74	ZNF74
ZNF133	ZNF133
eGFP-SHOX2	SHOX2
eGFP-ZNF837	ZNF837
eGFP-SRCAP	SRCAP
IRX5	IRX5
eGFP-MTA2	MTA2
eGFP-ZNF563	ZNF563
eGFP-ZNF770	ZNF770
ZBTB33	ZBTB33
eGFP-ZNF577	ZNF577
eGFP-SRSF10	SRSF10
FLAG-PPARD	PPARD
eGFP-SMARCE1	SMARCE1
eGFP-ZNF600	ZNF600
FLAG-HMGXB3	HMGXB3
ZNF527	ZNF527
ZBTB11	ZBTB11
eGFP-HOXC8	HOXC8
eGFP-SIRT4	SIRT4
ZBTB1	ZBTB1
ZNF532	ZNF532
eGFP-SERTAD1	SERTAD1
ZNF320	ZNF320
SRSF9	SRSF9
FLAG-OLIG3	OLIG3
eGFP-ZXDB	ZXDB
JAZF1	JAZF1
eGFP-SKI	SKI
FLAG-ZNF569	ZNF569
FLAG-THAP5	THAP5
ZNF333	ZNF333
RFX3	RFX3
FLAG-ZSCAN9	ZSCAN9
ZNF280C	ZNF280C
eGFP-MYBL1	MYBL1
eGFP-ASB3	ASB3
KIAA2018	KIAA2018
FLAG-LBX2	LBX2
eGFP-KLF2	KLF2
FLAG-ZNF585A	ZNF585A
ZNF302	ZNF302
FLAG-PREB	PREB
FLAG-ATF6B	ATF6B
eGFP-HSFX1	HSFX1
eGFP-PLAG1	PLAG1
ZNF136	ZNF136
LHX2	LHX2
ZNF444	ZNF444
FLAG-CEBPG	CEBPG
eGFP-ZNF846	ZNF846
eGFP-SPEN	SPEN
eGFP-SLC2A4RG	SLC2A4RG
TBP	TBP
FLAG-TFDP2	TFDP2
FLAG-ZNF181	ZNF181
FLAG-NR1H2	NR1H2
FLAG-ZNF852	ZNF852
FOXD4	FOXD4
FLAG-THAP1	THAP1
eGFP-SMARCA5	SMARCA5
eGFP-SNRPD1	SNRPD1
FLAG-DPF2	DPF2
eGFP-ZNF99	ZNF99
eGFP-SP7	SP7
eGFP-RLF	RLF
FLAG-DMRT1	DMRT1
eGFP-KLF11	KLF11
ZNF471	ZNF471
FOXL1	FOXL1
eGFP-DLX4	DLX4
NHLH1	NHLH1
eGFP-MNX1	MNX1
FOXR2	FOXR2
SP100	SP100
FLAG-CREB3L2	CREB3L2
eGFP-STAT5B	STAT5B
eGFP-ZNF30	ZNF30
PAX4	PAX4
eGFP-SUPT16H	SUPT16H
GLYR1	GLYR1
PROX2	PROX2
eGFP-SNAPC3	SNAPC3
SP4	SP4
eGFP-ZNF542P	ZNF542P
eGFP-ZNF701	ZNF701
GPR155	GPR155
eGFP-ZNF645	ZNF645
PITX3	PITX3
eGFP-MED1	MED1
FLAG-MAFG	MAFG
eGFP-PAX9	PAX9
RIOK2	RIOK2
FLAG-ZNF18	ZNF18
FLAG-ZBTB40	ZBTB40
eGFP-PDCD11	PDCD11
FLAG-ZNF148	ZNF148
eGFP-TRIM28	TRIM28
GSX2	GSX2
eGFP-TOB1	TOB1
eGFP-SOX12	SOX12
FLAG-ZNF442	ZNF442
eGFP-PHF12	PHF12
eGFP-TOX4	TOX4
ZNF281	ZNF281
FLAG-ZBTB37	ZBTB37
eGFP-ZNF366	ZNF366
eGFP-TAF9B	TAF9B
FLAG-FOXK1	FOXK1
eGFP-ATF2	ATF2
eGFP-PIAS2	PIAS2
ZNF215	ZNF215
FLAG-TSC22D4	TSC22D4
eGFP-PRDM13	PRDM13
eGFP-ATF7	ATF7
HLA-DRB1	HLA-DRB1
eGFP-TRIM27	TRIM27
eGFP-ZNF217	ZNF217
TCF12	TCF12
eGFP-TRIM5	TRIM5
eGFP-SOX7	SOX7
eGFP-ZNF582	ZNF582
FLAG-ZC3H8	ZC3H8
FLAG-ZNF558	ZNF558
TCF19	TCF19
eGFP-XBP1	XBP1
OTX2	OTX2
eGFP-ZNF98	ZNF98
eGFP-ZNF362	ZNF362
ZNF35	ZNF35
TBX5	TBX5
eGFP-MPLKIP	MPLKIP
TRIM29	TRIM29
PHF19	PHF19
RAF1	RAF1
eGFP-STAT5A	STAT5A
eGFP-SCRT2	SCRT2
eGFP-ZFP36	ZFP36
eGFP-NIFK	NIFK
FLAG-ZBTB22	ZBTB22
eGFP-ZNF239	ZNF239
ZNF365	ZNF365
eGFP-ZBTB26	ZBTB26
SNAI2	SNAI2
SRC	SRC
eGFP-ZNF157	ZNF157
eGFP-CEBPG	CEBPG
FLAG-ZFP82	ZFP82
ZNF407	ZNF407
eGFP-SIRT7	SIRT7
ZNF551	ZNF551
eGFP-ZBTB6	ZBTB6
MYBL1	MYBL1
LZTR1	LZTR1
LMNB2	LMNB2
ZNF554	ZNF554
eGFP-SSX2	SSX2
FLAG-ZNF674	ZNF674
FLAG-ZNF878	ZNF878
CHIC2	CHIC2
eGFP-SNRPB	SNRPB
ZNF560	ZNF560
ETV3	ETV3
FLAG-POU2F1	POU2F1
SNW1	SNW1
eGFP-SP2	SP2
FLAG-ZNF48	ZNF48
NPAS3	NPAS3
FLAG-ZNF224	ZNF224
FLAG-SP1	SP1
eGFP-PAPOLA	PAPOLA
ZNF667	ZNF667
eGFP-TRIM32	TRIM32
eGFP-SS18L1	SS18L1
MAF1	MAF1
FLAG-ZNF846	ZNF846
eGFP-ZKSCAN4	ZKSCAN4
ZIC1	ZIC1
eGFP-ZNF224	ZNF224
ZNF677	ZNF677
NRL	NRL
ZNF438	ZNF438
FLAG-ZBTB6	ZBTB6
eGFP-ZNF415	ZNF415
FLAG-MTA1	MTA1
eGFP-TRIP6	TRIP6
ZNF440	ZNF440
FLAG-ZFP91	ZFP91
FLAG-BCL6	BCL6
eGFP-ZNF287	ZNF287
FLAG-ZFP69	ZFP69
eGFP-ZNF704	ZNF704
eGFP-XRCC5	XRCC5
eGFP-PHTF1	PHTF1
eGFP-ZNF136	ZNF136
eGFP-TCERG1	TCERG1
FLAG-ZNF615	ZNF615
FLAG-ZNF7	ZNF7
FLAG-FOXA3	FOXA3
FLAG-PHF8	PHF8
eGFP-POLR2I	POLR2I
TSC22D4	TSC22D4
eGFP-YTHDC1	YTHDC1
ZNF491	ZNF491
FLAG-SOX13	SOX13
FLAG-IKZF5	IKZF5
eGFP-TEAD3	TEAD3
UBP1	UBP1
FLAG-ZNF770	ZNF770
eGFP-EIF5B	EIF5B
eGFP-ZDHHC21	ZDHHC21
eGFP-ZNF398	ZNF398
eGFP-TSC22D4	TSC22D4
ZNF778	ZNF778
FLAG-KAT8	KAT8
ZNF571	ZNF571
eGFP-ZNF473	ZNF473
eGFP-ASB9	ASB9
FLAG-HIVEP2	HIVEP2
eGFP-ZKSCAN8	ZKSCAN8
eGFP-ZNF581	ZNF581
eGFP-ELF4	ELF4
FLAG-T	T
eGFP-VDR	VDR
FLAG-ZNF704	ZNF704
BAP1	BAP1
eGFP-ZNF343	ZNF343
FLAG-ZNF525	ZNF525
eGFP-ZBTB49	ZBTB49
ZNF286A	ZNF286A
eGFP-ZNF446	ZNF446
FLAG-MAFB	MAFB
eGFP-ZNF625	ZNF625
ZNF644	ZNF644
FLAG-MXD4	MXD4
ZNF641	ZNF641
FLAG-ZNF439	ZNF439
ZNF585A	ZNF585A
FLAG-ZNF891	ZNF891
ZNF384	ZNF384
FLAG-ZBED1	ZBED1
FLAG-ZNF598	ZNF598
YY2	YY2
FLAG-ZNF570	ZNF570
eGFP-ZBTB34	ZBTB34
POLR3A	POLR3A
RAX	RAX
FLAG-TEAD1	TEAD1
eGFP-ZNF438	ZNF438
ZNF488	ZNF488
ZNF596	ZNF596
eGFP-SCML2	SCML2
eGFP-ZNF286A	ZNF286A
eGFP-SOX17	SOX17
ZNF746	ZNF746
eGFP-H3F3B	H3F3B
SIN3A	SIN3A
ORC5	ORC5
FLAG-GTF2IRD2B	GTF2IRD2B
POU2F1	POU2F1
HOXB8	HOXB8
ZNF679	ZNF679
FLAG-THAP11	THAP11
eGFP-TGIF2	TGIF2
FLAG-GLI4	GLI4
eGFP-AES	AES
SCRT1	SCRT1
eGFP-ZNF7	ZNF7
NKX2-8	NKX2-8
eGFP-RFXANK	RFXANK
ZNF777	ZNF777
NKX3-2	NKX3-2
eGFP-RFXAP	RFXAP
FLAG-ZNF317	ZNF317
NR5A2	NR5A2
SKI	SKI
FLAG-ZNF514	ZNF514
FLAG-ZNF658	ZNF658
eGFP-ZIM3	ZIM3
ZIC2	ZIC2
SKIL	SKIL
eGFP-TBX19	TBX19
SPIC	SPIC
FLAG-ZNF182	ZNF182
PPARGC1A	PPARGC1A
FLAG-GRHL1	GRHL1
FLAG-TPRX1	TPRX1
OLIG3	OLIG3
PRDM1	PRDM1
eGFP-TFPT	TFPT
ZXDC	ZXDC
ZKSCAN1	ZKSCAN1
ZNF223	ZNF223
FLAG-NRBF2	NRBF2
eGFP-HLTF	HLTF
eGFP-ZNF341	ZNF341
ZNF79	ZNF79
ZZZ3	ZZZ3
eGFP-UBTF	UBTF
ZNF688	ZNF688
CSRNP3	CSRNP3
eGFP-RNF19A	RNF19A
SMAD3	SMAD3
eGFP-VEZF1	VEZF1
FLAG-ZNF410	ZNF410
ZNF584	ZNF584
eGFP-BRPF1	BRPF1
RAD50	RAD50
MYOG	MYOG
eGFP-ZBTB18	ZBTB18
FLAG-ZGPAT	ZGPAT
eGFP-RORA	RORA
eGFP-ZNF404	ZNF404
eGFP-TBX2	TBX2
ZNF143	ZNF143
FLAG-ZNF76	ZNF76
eGFP-POU3F1	POU3F1
ZFP36L1	ZFP36L1
PLXND1	PLXND1
eGFP-ZMYM2	ZMYM2
FLAG-ZNF787	ZNF787
FLAG-GATAD2A	GATAD2A
FLAG-RORA	RORA
ZHX1	ZHX1
ZNF18	ZNF18
eGFP-LIMD1	LIMD1
SMARCA4	SMARCA4
eGFP-TBX1	TBX1
ZNF782	ZNF782
eGFP-ZBTB4	ZBTB4
eGFP-GLI2	GLI2
ZDHHC11	ZDHHC11
eGFP-TSC22D1	TSC22D1
ZNF207	ZNF207
eGFP-LMO4	LMO4
eGFP-HIST1H2BH	HIST1H2BH
eGFP-NKX2-5	NKX2-5
POGZ	POGZ
ZNF217	ZNF217
FLAG-KLF5	KLF5
FLAG-ZSCAN12	ZSCAN12
PRDM12	PRDM12
RELB	RELB
FLAG-ZNF613	ZNF613
eGFP-ZNF195	ZNF195
ZNF189	ZNF189
eGFP-SIN3A	SIN3A
eGFP-ZNFX1	ZNFX1
HES5	HES5
POLE4	POLE4
PRDM5	PRDM5
eGFP-MEIS3	MEIS3
ZFP69B	ZFP69B
eGFP-ZNF202	ZNF202
FLAG-CAMTA2	CAMTA2
FLAG-SIX5	SIX5
FLAG-HMGXB4	HMGXB4
FLAG-TUB	TUB
FLAG-CSRNP2	CSRNP2
eGFP-ZSCAN5A	ZSCAN5A
FLAG-ZNF66	ZNF66
eGFP-ZNF212	ZNF212
RFX5	RFX5
eGFP-HOXB2	HOXB2
ZNF625	ZNF625
POU2F3	POU2F3
eGFP-TOP2B	TOP2B
STAT6	STAT6
FLAG-ATF3	ATF3
FLAG-NKX3-1	NKX3-1
eGFP-ASCL2	ASCL2
eGFP-ZBTB33	ZBTB33
ZNF263	ZNF263
FLAG-NCOA2	NCOA2
eGFP-WWTR1	WWTR1
eGFP-HOXC10	HOXC10
ZNF658	ZNF658
ZNF274	ZNF274
FLAG-NFIA	NFIA
SMAD1	SMAD1
SUPT5H	SUPT5H
FLAG-KLF15	KLF15
eGFP-ZNF24	ZNF24
FLAG-SKIL	SKIL
ZNF254	ZNF254
eGFP-ZNF146	ZNF146
eGFP-ZNF25	ZNF25
eGFP-ASXL1	ASXL1
eGFP-ZFP82	ZFP82
FLAG-ZNF354A	ZNF354A
eGFP-HR	HR
FBN1	FBN1
eGFP-ZNF266	ZNF266
SMAD4	SMAD4
TAF1	TAF1
ZSCAN30	ZSCAN30
FLAG-ZNF252P	ZNF252P
ZNF511	ZNF511
eGFP-ZNF367	ZNF367
FLAG-ZNF518A	ZNF518A
eGFP-ZNF776	ZNF776
RBAK	RBAK
ZBTB7C	ZBTB7C
FLAG-BOLA1	BOLA1
eGFP-ZNF165	ZNF165
FLAG-ZNF461	ZNF461
eGFP-ZNF677	ZNF677
FLAG-CEBPA	CEBPA
eGFP-ZNF177	ZNF177
ZNF142	ZNF142
ZNF609	ZNF609
eGFP-ZNF540	ZNF540
FLAG-ZNF273	ZNF273
RBPJL	RBPJL
ZNF622	ZNF622
eGFP-HNRNPUL1	HNRNPUL1
eGFP-ZNF354B	ZNF354B
FLAG-PPARG	PPARG
STAT5A	STAT5A
HEY2	HEY2
eGFP-YEATS2	YEATS2
HLA-DRB5	HLA-DRB5
ZSCAN26	ZSCAN26
ZNF177	ZNF177
eGFP-ZZZ3	ZZZ3
FLAG-ARID3A	ARID3A
eGFP-ZBTB11	ZBTB11
eGFP-ZSCAN26	ZSCAN26
SUPT20H	SUPT20H
eGFP-ZNF48	ZNF48
eGFP-ZBTB7B	ZBTB7B
ZNF226	ZNF226
SUZ12	SUZ12
eGFP-ZFX	ZFX
eGFP-HOXD1	HOXD1
eGFP-ZNF587	ZNF587
eGFP-ZKSCAN1	ZKSCAN1
FLAG-ZNF43	ZNF43
ZNF257	ZNF257
FLAG-NFYC	NFYC
FLAG-ZBTB10	ZBTB10
AFF2	AFF2
FLAG-NR2F1	NR2F1
eGFP-ZNF112	ZNF112
FLAG-PAF1	PAF1
ZNF593	ZNF593
eGFP-ZNF121	ZNF121
PNRC2	PNRC2
ZNF618	ZNF618
eGFP-ZNF317	ZNF317
eGFP-ZNF726	ZNF726
eGFP-ZNF585A	ZNF585A
RBBP7	RBBP7
RFX4	RFX4
ZNF628	ZNF628
FLAG-FOXN2	FOXN2
eGFP-ZNF200	ZNF200
FLAG-ZNF321P	ZNF321P
FLAG-RCOR2	RCOR2
eGFP-SMAD7	SMAD7
SCAPER	SCAPER
eGFP-ZNF521	ZNF521
eGFP-SMARCAD1	SMARCAD1
eGFP-ZNF101	ZNF101
ZNF703	ZNF703
SOX21	SOX21
GTF2A2	GTF2A2
eGFP-ZNF646	ZNF646
eGFP-ZNF470	ZNF470
ZNF76	ZNF76
ZNF595	ZNF595
FLAG-ZNF737	ZNF737
eGFP-ZNF669	ZNF669
ZNF431	ZNF431
FLAG-ZNF513	ZNF513
SOX8	SOX8
eGFP-HMX2	HMX2
eGFP-ZNF700	ZNF700
eGFP-ERF	ERF
ZNF430	ZNF430
SP7	SP7
ZNF461	ZNF461
eGFP-ZNF248	ZNF248
eGFP-ZNF71	ZNF71
SSH3	SSH3
eGFP-TEAD1	TEAD1
ZNF10	ZNF10
FLAG-LCORL	LCORL
FLAG-ZNF232	ZNF232
FLAG-ZBTB26	ZBTB26
eGFP-PRDM15	PRDM15
eGFP-ZNF268	ZNF268
ZNF799	ZNF799
eGFP-ZNF34	ZNF34
eGFP-ZNF740	ZNF740
eGFP-TSHZ2	TSHZ2
eGFP-TAL1	TAL1
eGFP-TOX2	TOX2
eGFP-THRB	THRB
ZNF841	ZNF841
eGFP-TCEAL1	TCEAL1
eGFP-ZNF35	ZNF35
FLAG-ZNF580	ZNF580
eGFP-HES7	HES7
eGFP-SEC14L2	SEC14L2
eGFP-ZNF445	ZNF445
ZNF485	ZNF485
FLAG-ZNF614	ZNF614
eGFP-ZFP42	ZFP42
FLAG-ZNF600	ZNF600
LHX1	LHX1
MITF	MITF
ZBTB8B	ZBTB8B
ZNF501	ZNF501
TIPARP	TIPARP
FLAG-ZNF562	ZNF562
FLAG-ZNF140	ZNF140
ZNF519	ZNF519
eGFP-CSRNP3	CSRNP3
ZNF117	ZNF117
eGFP-ZNF519	ZNF519
eGFP-ZNF551	ZNF551
eGFP-SKIL	SKIL
FERD3L	FERD3L
PRDM7	PRDM7
ZNF565	ZNF565
eGFP-ZNF703	ZNF703
eGFP-UPF1	UPF1
ZNF599	ZNF599
ZNF579	ZNF579
PREX1	PREX1
SALL3	SALL3
UBR4	UBR4
FOXR1	FOXR1
ZNF414	ZNF414
eGFP-ZNF766	ZNF766
eGFP-ZNF79	ZNF79
VPS72	VPS72
PROP1	PROP1
DIDO1	DIDO1
HOXA10	HOXA10
eGFP-ZNF667	ZNF667
eGFP-ZNF254	ZNF254
ZNF486	ZNF486
eGFP-ZSWIM4	ZSWIM4
FLAG-ZFP36L1	ZFP36L1
ZNF236	ZNF236
ZNF646	ZNF646
FOXD1	FOXD1
FLAG-SOX18	SOX18
ZNF589	ZNF589
ZNF662	ZNF662
eGFP-SUPT6H	SUPT6H
DAZAP2	DAZAP2
FLAG-ZBTB7A	ZBTB7A
C1orf109	C1orf109
FLAG-ZNF609	ZNF609
FLAG-CEBPD	CEBPD
COMMD3-BMI1	COMMD3-BMI1
FLAG-ZNF316	ZNF316
TCF21	TCF21
FLAG-ZNF585B	ZNF585B
ZNF383	ZNF383
FLAG-ZNF286B	ZNF286B
eGFP-SRSF9	SRSF9
ZFP42	ZFP42
FLAG-ZNF550	ZNF550
ZNF676	ZNF676
ZFP92	ZFP92
ZNF385D	ZNF385D
FLAG-ZNF746	ZNF746
TRIM3	TRIM3
eGFP-ZDHHC6	ZDHHC6
ZFP41	ZFP41
eGFP-SNAPC1	SNAPC1
FLAG-ZNF280B	ZNF280B
FLAG-KCMF1	KCMF1
FLAG-ZNF605	ZNF605
FLAG-ZNF530	ZNF530
FLAG-ZFP1	ZFP1
eGFP-TGFB1I1	TGFB1I1
FLAG-ZHX2	ZHX2
eGFP-THRA	THRA
eGFP-ZNF142	ZNF142
ZNF135	ZNF135
FLAG-ZNF350	ZNF350
ZBTB16	ZBTB16
eGFP-CNOT4	CNOT4
FLAG-UBP1	UBP1
eGFP-SSBP4	SSBP4
ZNF671	ZNF671
eGFP-ZNF75A	ZNF75A
ZNF473	ZNF473
FLAG-ZBED5	ZBED5
eGFP-TONSL	TONSL
FLAG-BBX	BBX
TBX21	TBX21
FLAG-ARID5B	ARID5B
FLAG-ZBTB47	ZBTB47
FLAG-ZNF205	ZNF205
ZBTB7A	ZBTB7A
eGFP-ZNF440	ZNF440
HELT	HELT
FLAG-ZNF771	ZNF771
YY1	YY1
ZNF496	ZNF496
eGFP-SCAF8	SCAF8
FLAG-ZNF557	ZNF557
eGFP-ZNHIT3	ZNHIT3
FLAG-ZSCAN20	ZSCAN20
eGFP-SP100	SP100
ZNF229	ZNF229
HEYL	HEYL
FLAG-THRA	THRA
eGFP-SERTAD2	SERTAD2
ZNF497	ZNF497
FLAG-CCDC6	CCDC6
eGFP-ZNF506	ZNF506
eGFP-SPDEF	SPDEF
eGFP-ZSCAN21	ZSCAN21
ZNF528	ZNF528
TGIF2LX	TGIF2LX
FLAG-ELF3	ELF3
ZC3H11A	ZC3H11A
eGFP-ZNF512	ZNF512
CTCF+RAD21	
FLAG-ETV5	ETV5
FLAG-E2F8	E2F8
eGFP-SMARCB1	SMARCB1
ZNF529	ZNF529
FLAG-MIER3	MIER3
eGFP-TP63	TP63
FLAG-ZNF101	ZNF101
GTF2I	GTF2I
IFRD1	IFRD1
ZNF558	ZNF558
FLAG-NEUROG1	NEUROG1
eGFP-ZNF567	ZNF567
INSM1	INSM1
FLAG-CIZ1	CIZ1
TCF24	TCF24
ZBTB25	ZBTB25
eGFP-ZNF76	ZNF76
FLAG-RXRB	RXRB
FLAG-ZNF414	ZNF414
FLAG-DMAP1	DMAP1
FLAG-TBX2	TBX2
eGFP-ZNF84	ZNF84
ZBTB37	ZBTB37
ZNF131	ZNF131
ZNF583	ZNF583
KAT5	KAT5
ZNF575	ZNF575
FLAG-ZNF773	ZNF773
ZNF578	ZNF578
eGFP-SNW1	SNW1
ZNF148	ZNF148
TBPL1	TBPL1
FLAG-ZNF566	ZNF566
FLAG-ZFP36L2	ZFP36L2
MEOX1	MEOX1
eGFP-SIRT5	SIRT5
FLAG-GMEB2	GMEB2
ZNF718	ZNF718
eGFP-SRSF5	SRSF5
FLAG-FOXP4	FOXP4
eGFP-TAF6	TAF6
FLAG-HMG20B	HMG20B
TCEAL8	TCEAL8
ZEB1	ZEB1
FLAG-ZNF559	ZNF559
eGFP-ZDHHC16	ZDHHC16
NFKBID	NFKBID
FLAG-DMTF1	DMTF1
FLAG-ZNF547	ZNF547
FLAG-ZNF292	ZNF292
ZNF283	ZNF283
NEUROG2	NEUROG2
eGFP-ZXDA	ZXDA
FLAG-KLF9	KLF9
FLAG-ZNF19	ZNF19
ZKSCAN2	ZKSCAN2
PRDM14	PRDM14
THAP9	THAP9
eGFP-TAF10	TAF10
ZNF277	ZNF277
ZNF695	ZNF695
FLAG-LCOR	LCOR
eGFP-ZNF160	ZNF160
WNT8B	WNT8B
ZHX2	ZHX2
eGFP-TCFL5	TCFL5
FLAG-MXD3	MXD3
FLAG-CREB3L4	CREB3L4
eGFP-TAF11	TAF11
ZMAT5	ZMAT5
ZNF335	ZNF335
ZHX3	ZHX3
eGFP-TAF5L	TAF5L
eGFP-TEF	TEF
eGFP-TOPORS	TOPORS
FLAG-ZNF526	ZNF526
ZNF346	ZNF346
LIN54	LIN54
FLAG-NFKBIE	NFKBIE
eGFP-ZNF222	ZNF222
ZFP2	ZFP2
FLAG-ZNF700	ZNF700
ZNF446	ZNF446
ZNF252P	ZNF252P
eGFP-TEAD4	TEAD4
eGFP-ZNF621	ZNF621
eGFP-XRCC6	XRCC6
PEG3	PEG3
FLAG-ERF	ERF
ZXDA	ZXDA
ZNF250	ZNF250
EBF2	EBF2
FLAG-ZNF827	ZNF827
FLAG-ZBTB21	ZBTB21
ZNF717	ZNF717
FLAG-NOTO	NOTO
ZKSCAN3	ZKSCAN3
eGFP-ZBTB22	ZBTB22
ZNF699	ZNF699
DPH2	DPH2
FLAG-ZNF394	ZNF394
eGFP-TBPL1	TBPL1
ZNF417	ZNF417
eGFP-UBE2K	UBE2K
eGFP-FOXD4	FOXD4
ZNF75D	ZNF75D
FLAG-ZNF883	ZNF883
eGFP-UBP1	UBP1
ZNF219	ZNF219
ZNF880	ZNF880
ZNF420	ZNF420
ZNF204P	ZNF204P
FLAG-MSX1	MSX1
FLAG-NR1D2	NR1D2
eGFP-TCF20	TCF20
eGFP-ZNF16	ZNF16
eGFP-ZNF497	ZNF497
FOXI2	FOXI2
ZNF781	ZNF781
eGFP-ZNF169	ZNF169
eGFP-PKNOX2	PKNOX2
eGFP-TSHZ3	TSHZ3
eGFP-UTF1	UTF1
FLAG-ZNF90	ZNF90
eGFP-MYSM1	MYSM1
CITED2	CITED2
FLAG-ZNF446	ZNF446
ZNF396	ZNF396
ZNF514	ZNF514
FLAG-HNF1B	HNF1B
eGFP-ZFP64	ZFP64
FLAG-ZBTB38	ZBTB38
eGFP-RAD21	RAD21
ZNF280D	ZNF280D
eGFP-NR3C2	NR3C2
ZNF823	ZNF823
ZNF319	ZNF319
HOXC5	HOXC5
FLAG-NCOA1	NCOA1
FLAG-SRY	SRY
FLAG-JUN	JUN
ZNF85	ZNF85
ZNF343	ZNF343
eGFP-ZNF671	ZNF671
eGFP-ZBTB46	ZBTB46
eGFP-ZNF426	ZNF426
eGFP-ZFP30	ZFP30
eGFP-SOX8	SOX8
EXOC2	EXOC2
FLAG-ELF4	ELF4
FLAG-ZNF724	ZNF724
FOXF1	FOXF1
eGFP-ZFPL1	ZFPL1
FLAG-ZNF781	ZNF781
eGFP-ZNF513	ZNF513
eGFP-ZNF133	ZNF133
TGIF2	TGIF2
MGMT	MGMT
GLIS1	GLIS1
ZNF285	ZNF285
FLAG-CREB3	CREB3
FLAG-ZNF460	ZNF460
eGFP-TGIF2LX	TGIF2LX
GTF2IRD2B	GTF2IRD2B
eGFP-HOXB8	HOXB8
PAX1	PAX1
ZNF467	ZNF467
MINK1	MINK1
HDX	HDX
SCX	SCX
eGFP-ZNF431	ZNF431
eGFP-ZNF653	ZNF653
MST1R	MST1R
FLAG-ZNF805	ZNF805
eGFP-ZNF510	ZNF510
eGFP-MESP1	MESP1
ZNF587	ZNF587
NFATC4	NFATC4
eGFP-IRF4	IRF4
ZKSCAN8	ZKSCAN8
NEUROD2	NEUROD2
FLAG-ZNF845	ZNF845
eGFP-ZNF141	ZNF141
eGFP-NFIA	NFIA
eGFP-ZNF688	ZNF688
eGFP-ZNF564	ZNF564
eGFP-ZNF300	ZNF300
FLAG-EBF2	EBF2
ZNF311	ZNF311
LBX1	LBX1
NKX2-4	NKX2-4
SLC26A10	SLC26A10
eGFP-TRIM33	TRIM33
eGFP-ZSCAN32	ZSCAN32
PHTF2	PHTF2
LHX4	LHX4
eGFP-UIMC1	UIMC1
ARID4A	ARID4A
ZNF81	ZNF81
SOHLH1	SOHLH1
NOBOX	NOBOX
eGFP-FLI1	FLI1
ZNF597	ZNF597
MSANTD3	MSANTD3
eGFP-ZNF568	ZNF568
OLIG1	OLIG1
eGFP-ZNF44	ZNF44
eGFP-TBX22	TBX22
SOX7	SOX7
eGFP-PRRX1	PRRX1
MYPOP	MYPOP
ZNF831	ZNF831
SP8	SP8
eGFP-ZNF639	ZNF639
ZFY	ZFY
eGFP-NSD2	NSD2
eGFP-FOXI3	FOXI3
PLXNA1	PLXNA1
eGFP-SIRT2	SIRT2
RNF166	RNF166
eGFP-ZC3H4	ZC3H4
eGFP-ZNF750	ZNF750
ZNF785	ZNF785
ZNF853	ZNF853
eGFP-ARID4B	ARID4B
ZNF707	ZNF707
ZNF564	ZNF564
eGFP-ZNF77	ZNF77
SLC2A4RG	SLC2A4RG
RCOR2	RCOR2
eGFP-ZNF471	ZNF471
ZNF788	ZNF788
TFEC	TFEC
ZFP57	ZFP57
eGFP-ZNF689	ZNF689
eGFP-ZIC2	ZIC2
eGFP-ZNF8	ZNF8
FLAG-THRB	THRB
eGFP-CXXC5	CXXC5
eGFP-PBX1	PBX1
RHOXF1	RHOXF1
eGFP-ZNF215	ZNF215
RGS6	RGS6
RNF138	RNF138
eGFP-ZNF253	ZNF253
KCNIP3	KCNIP3
THAP12	THAP12
eGFP-TAF4	TAF4
eGFP-HESX1	HESX1
SHOX	SHOX
KAT7	KAT7
eGFP-TRIP13	TRIP13
eGFP-ZNF256	ZNF256
FLAG-FOXC1	FOXC1
LGR4	LGR4
eGFP-SETD2	SETD2
T	T
eGFP-ZNF358	ZNF358
TWIST2	TWIST2
VENTX	VENTX
OVOL3	OVOL3
eGFP-TAF15	TAF15
TFAP2B	TFAP2B
eGFP-SFPQ	SFPQ
POLR2H	POLR2H
ZBP1	ZBP1
GLI4	GLI4
ZNF665	ZNF665
eGFP-SUB1	SUB1
FLAG-NFKB2	NFKB2
NKX1-2	NKX1-2
ZNF736	ZNF736
eGFP-TBX20	TBX20
eGFP-SRRM1	SRRM1
eGFP-OTX2	OTX2
TCEB1	TCEB1
eGFP-STAT2	STAT2
eGFP-TFE3	TFE3
ZBTB47	ZBTB47
eGFP-TARBP1	TARBP1
ZNF221	ZNF221
FLAG-TFAP4	TFAP4
ZNF705D	ZNF705D
eGFP-TCEB3	TCEB3
ZNF682	ZNF682
eGFP-GABPB1	GABPB1
eGFP-TFAM	TFAM
ZNF2	ZNF2
YBX2	YBX2
eGFP-SUPT4H1	SUPT4H1
ZNF350	ZNF350
ZNF513	ZNF513
ZBTB42	ZBTB42
ZNF469	ZNF469
ZNF792	ZNF792
eGFP-ZNF514	ZNF514
POU5F1B	POU5F1B
ZNF70	ZNF70
ZNF585B	ZNF585B
PURA	PURA
ZBED3	ZBED3
eGFP-ZNF624	ZNF624
ZNF804B	ZNF804B
BHLHA15	BHLHA15
SOHLH2	SOHLH2
ZNF624	ZNF624
ZNF322	ZNF322
ZNF812P	ZNF812P
eGFP-ZSCAN12	ZSCAN12
eGFP-ZNF285	ZNF285
ZNF91	ZNF91
ZNF600	ZNF600
eGFP-ZBTB21	ZBTB21
FOXD3	FOXD3
FLAG-EGR4	EGR4
eGFP-HOXA10	HOXA10
eGFP-TSC22D3	TSC22D3
ZSCAN9	ZSCAN9
eGFP-ZBTB24	ZBTB24
ZNF253	ZNF253
ZNF816-ZNF321P	ZNF816-ZNF321P
GPR123	GPR123
ZSCAN1	ZSCAN1
eGFP-ZNF518B	ZNF518B
eGFP-ZNF575	ZNF575
eGFP-ZNF536	ZNF536
FLAG-DPF1	DPF1
ZNF663P	ZNF663P
ZNF648	ZNF648
ZSCAN12	ZSCAN12
FLAG-BRCA1	BRCA1
eGFP-TRIM22	TRIM22
eGFP-ZNF205	ZNF205
eGFP-SMARCA4	SMARCA4
ZNF670	ZNF670
eGFP-URI1	URI1
eGFP-SNAPC5	SNAPC5
eGFP-ZFP28	ZFP28
ZNF256	ZNF256
ZBTB44	ZBTB44
ZBTB49	ZBTB49
eGFP-BHLHB9	BHLHB9
FLAG-FOSL2	FOSL2
ZMIZ1	ZMIZ1
ZNF701	ZNF701
FLAG-THAP8	THAP8
eGFP-TCF4	TCF4
eGFP-PURG	PURG
PAX9	PAX9
ZNF773	ZNF773
eGFP-SP6	SP6
eGFP-WT1	WT1
eGFP-XAB2	XAB2
ZNF713	ZNF713
FOXD4L3	FOXD4L3
eGFP-YBX1	YBX1
FLAG-NFKBIZ	NFKBIZ
ZNF780A	ZNF780A
eGFP-TAF7	TAF7
FOXD4L5	FOXD4L5
FLAG-XBP1	XBP1
FLAG-THAP9	THAP9
ZNF716	ZNF716
HIST1H1A	HIST1H1A
eGFP-TCEANC2	TCEANC2
ZNF385C	ZNF385C
eGFP-TCF15	TCF15
eGFP-ZNF100	ZNF100
FLAG-HES5	HES5
HMGXB3	HMGXB3
eGFP-TEAD2	TEAD2
FLAG-KLF1	KLF1
eGFP-TRIM21	TRIM21
eGFP-TLX3	TLX3
ZNF847P	ZNF847P
eGFP-ZNF211	ZNF211
eGFP-ZNF124	ZNF124
FLAG-ZNF480	ZNF480
eGFP-ZNF219	ZNF219
KIAA1841	KIAA1841
FLAG-MEOX2	MEOX2
ZNF232	ZNF232
FLAG-ZNF672	ZNF672
eGFP-TAX1BP3	TAX1BP3
eGFP-ZNF662	ZNF662
eGFP-NANOGP1	NANOGP1
eGFP-TBX15	TBX15
FLAG-PRDM4	PRDM4
eGFP-TFCP2L1	TFCP2L1
NAIF1	NAIF1
eGFP-ZNF263	ZNF263
FLAG-SOX5	SOX5
JDP2	JDP2
FIGLA	FIGLA
ZNF674	ZNF674
eGFP-ZNF233	ZNF233
FMNL2	FMNL2
eGFP-TIMELESS	TIMELESS
FLAG-ZNF451	ZNF451
eGFP-SMARCD1	SMARCD1
ZBTB39	ZBTB39
eGFP-ZNF304	ZNF304
TIGD3	TIGD3
eGFP-ZNF319	ZNF319
eGFP-USF2	USF2
ZFYVE26	ZFYVE26
ZNF280B	ZNF280B
eGFP-ZNF326	ZNF326
FLAG-ZNF519	ZNF519
eGFP-ASCL1	ASCL1
TUB	TUB
MACC1	MACC1
eGFP-NHLH2	NHLH2
SIX6	SIX6
eGFP-VHL	VHL
ZNF709	ZNF709
NHLH2	NHLH2
eGFP-ZNF324B	ZNF324B
FLAG-FOSL1	FOSL1
eGFP-IKZF1	IKZF1
FLAG-BCL3	BCL3
SNAI3	SNAI3
eGFP-ZBTB1	ZBTB1
ZNF107	ZNF107
NKX2-2	NKX2-2
YOD1	YOD1
eGFP-NKX1-2	NKX1-2
FLAG-DLX6	DLX6
eGFP-SRF	SRF
eGFP-ZBTB3	ZBTB3
eGFP-FOXP2	FOXP2
eGFP-RHOXF2B	RHOXF2B
eGFP-ZNF583	ZNF583
ZBTB26	ZBTB26
eGFP-SRSF1	SRSF1
eGFP-MYCN	MYCN
eGFP-ZNF804A	ZNF804A
eGFP-TLX2	TLX2
eGFP-SRSF3	SRSF3
eGFP-ZBTB5	ZBTB5
eGFP-PHOX2A	PHOX2A
eGFP-GRHL2	GRHL2
CCDC17	CCDC17
FLAG-ZBTB42	ZBTB42
POGK	POGK
eGFP-TP73	TP73
FLAG-ZNF678	ZNF678
FLAG-ADNP	ADNP
eGFP-RARB	RARB
eGFP-ZNF208	ZNF208
eGFP-BACH2	BACH2
eGFP-MIER3	MIER3
CCDC6	CCDC6
ZNF157	ZNF157
CSRNP2	CSRNP2
eGFP-TBX6	TBX6
eGFP-ZNF830	ZNF830
eGFP-CUX2	CUX2
FLAG-SALL1	SALL1
PHTF1	PHTF1
FLAG-CDC5L	CDC5L
eGFP-TRIM24	TRIM24
eGFP-AFF3	AFF3
eGFP-ZNF91	ZNF91
FLAG-ZNF607	ZNF607
ZNF391	ZNF391
MYRF	MYRF
eGFP-ZIK1	ZIK1
eGFP-PRDM5	PRDM5
eGFP-ZSCAN2	ZSCAN2
ZKSCAN4	ZKSCAN4
FLAG-ZNF619	ZNF619
ZC3H12A	ZC3H12A
eGFP-ZNF365	ZNF365
FLAG-ZBTB24	ZBTB24
NUFIP1	NUFIP1
eGFP-TCEB1	TCEB1
eGFP-HIVEP3	HIVEP3
ZFP1	ZFP1
ZMAT4	ZMAT4
eGFP-ZNF416	ZNF416
U2AF1L4	U2AF1L4
eGFP-SF1	SF1
BHLHE23	BHLHE23
eGFP-TCF25	TCF25
eGFP-TFDP1	TFDP1
ZNF324B	ZNF324B
MNX1	MNX1
eGFP-HOXA6	HOXA6
FLAG-ZNF552	ZNF552
eGFP-THAP10	THAP10
ZBTB34	ZBTB34
ZNF702P	ZNF702P
ZNF614	ZNF614
FLAG-ZNF816	ZNF816
ZNF669	ZNF669
NFKBIE	NFKBIE
FLAG-RREB1	RREB1
ZFP30	ZFP30
eGFP-TCEA1	TCEA1
eGFP-ZNF681	ZNF681
ZNF630	ZNF630
CERS3	CERS3
HOXA13	HOXA13
ZNF112	ZNF112
eGFP-ESRRG	ESRRG
eGFP-NKX6-2	NKX6-2
HOXA6	HOXA6
ZNF124	ZNF124
eGFP-ZBTB25	ZBTB25
eGFP-ZNF320	ZNF320
PAXBP1	PAXBP1
eGFP-LHX9	LHX9
eGFP-GLI3	GLI3
ZNF20	ZNF20
HOXA4	HOXA4
TBX20	TBX20
eGFP-HOXD8	HOXD8
INF2	INF2
eGFP-HOPX	HOPX
ZNF572	ZNF572
eGFP-HOXD9	HOXD9
ISL1	ISL1
ZNF32	ZNF32
FOXS1	FOXS1
FLAG-DZIP1	DZIP1
FLAG-GSX2	GSX2
eGFP-ZNF10	ZNF10
ZNF334	ZNF334
GATAD2A	GATAD2A
BHLHE41	BHLHE41
FLAG-ZSCAN22	ZSCAN22
FLAG-ZNF74	ZNF74
HIST1H1E	HIST1H1E
FLAG-ZNF555	ZNF555
eGFP-ZDHHC9	ZDHHC9
FLAG-ZBTB18	ZBTB18
eGFP-SHPRH	SHPRH
eGFP-ZNF197	ZNF197
eGFP-LHX8	LHX8
FLAG-HES4	HES4
FLAG-OLIG1	OLIG1
FLAG-ZNF710	ZNF710
eGFP-FOXF1	FOXF1
eGFP-ZNF275	ZNF275
KIAA1549	KIAA1549
eGFP-PITX3	PITX3
eGFP-DPF3	DPF3
NEUROD4	NEUROD4
FLAG-ZNF574	ZNF574
HOXB1	HOXB1
FLAG-TP53	TP53
eGFP-ZIC1	ZIC1
ZNF681	ZNF681
eGFP-ZNF180	ZNF180
FLAG-ZNF836	ZNF836
ZNF404	ZNF404
eGFP-SMARCD3	SMARCD3
eGFP-ZNF337	ZNF337
eGFP-ZNF138	ZNF138
eGFP-ZNF114	ZNF114
eGFP-ZNF860	ZNF860
ZNF416	ZNF416
SSH2	SSH2
eGFP-STAT3	STAT3
ZNF658B	ZNF658B
ZNF321P	ZNF321P
FLAG-GMEB1	GMEB1
eGFP-ZNF223	ZNF223
FLAG-RFX4	RFX4
LEUTX	LEUTX
ZNF7	ZNF7
MET	MET
eGFP-ZNF276	ZNF276
FLAG-ZFP69B	ZFP69B
FLAG-ZNF12	ZNF12
ZNF322P1	ZNF322P1
eGFP-ERG	ERG
FLAG-ZNF563	ZNF563
MESP1	MESP1
UTF1	UTF1
eGFP-TAF13	TAF13
GABPB2	GABPB2
POU2AF1	POU2AF1
eGFP-ZNF280B	ZNF280B
FLAG-PBX3	PBX3
NKX6-1	NKX6-1
FLAG-ZNF675	ZNF675
eGFP-ZNF345	ZNF345
eGFP-ZNF493	ZNF493
ZBTB6	ZBTB6
eGFP-ZNF432	ZNF432
NOTO	NOTO
POU4F1	POU4F1
eGFP-ZNF486	ZNF486
eGFP-ZNF396	ZNF396
eGFP-ZNF573	ZNF573
eGFP-DACH2	DACH2
CERS4	CERS4
FLAG-ZBTB49	ZBTB49
eGFP-ZNF597	ZNF597
RARB	RARB
FLAG-ZNF512	ZNF512
PSMD11	PSMD11
RFX8	RFX8
FLAG-HIC2	HIC2
eGFP-ZNF880	ZNF880
ZNF99	ZNF99
FLAG-ZNF271P	ZNF271P
eGFP-ZNF623	ZNF623
ONECUT2	ONECUT2
eGFP-ZNF823	ZNF823
FGD1	FGD1
eGFP-ZNF385A	ZNF385A
eGFP-ZNF613	ZNF613
SETBP1	SETBP1
eGFP-TRIM16	TRIM16
SALL1	SALL1
ZNF525	ZNF525
eGFP-HOXC5	HOXC5
eGFP-ZNF579	ZNF579
eGFP-AR	AR
eGFP-ZNF512B	ZNF512B
eGFP-ZNRD1	ZNRD1
FOXK1	FOXK1
eGFP-ZNF550	ZNF550
eGFP-RORB	RORB
NRBF2	NRBF2
FLAG-FOXR1	FOXR1
eGFP-FOXJ1	FOXJ1
FLAG-ZNF225	ZNF225
eGFP-YBX3	YBX3
eGFP-ZBTB2	ZBTB2
eGFP-ZNF57	ZNF57
eGFP-ZSCAN9	ZSCAN9
RNF219	RNF219
eGFP-WDHD1	WDHD1
FOXN4	FOXN4
NKX3-1	NKX3-1
eGFP-ZBTB39	ZBTB39
eGFP-TRERF1	TRERF1
SP9	SP9
RFX2	RFX2
eGFP-ZNF763	ZNF763
eGFP-SSX1	SSX1
FLAG-MAF	MAF
FLAG-GZF1	GZF1
eGFP-SUGP2	SUGP2
FLAG-ELK3	ELK3
TFAP2E	TFAP2E
eGFP-ZNF670	ZNF670
NFKBIB	NFKBIB
eGFP-SMAD1	SMAD1
PRDM8	PRDM8
ZNF506	ZNF506
ZNF398	ZNF398
eGFP-MEF2C	MEF2C
eGFP-SIX1	SIX1
eGFP-ZNF730	ZNF730
PRRX1	PRRX1
ARID4B	ARID4B
ZNF234	ZNF234
eGFP-FOXN3	FOXN3
RAX2	RAX2
TIGD5	TIGD5
eGFP-MEOX1	MEOX1
eGFP-ZNF765	ZNF765
eGFP-SOX13	SOX13
eGFP-SATB1	SATB1
RNASE2	RNASE2
FLAG-ZFHX3	ZFHX3
SOX1	SOX1
TOX2	TOX2
RPA2	RPA2
BEND4	BEND4
eGFP-ZNF652	ZNF652
eGFP-ZSCAN31	ZSCAN31
eGFP-SUPT7L	SUPT7L
FLAG-NFYA	NFYA
SEMA4A	SEMA4A
ZNF569	ZNF569
TRAFD1	TRAFD1
eGFP-SFSWAP	SFSWAP
eGFP-HDGFRP2	
eGFP-CEBPA	CEBPA
eGFP-ZNF154	ZNF154
eGFP-SMURF2	SMURF2
SIM1	SIM1
FLAG-SMAD6	SMAD6
FLAG-PARP12	PARP12
eGFP-LHX1	LHX1
ZNF610	ZNF610
NFKBIZ	NFKBIZ
FLAG-MEF2A	MEF2A
eGFP-SP3	SP3
FLAG-ZNF776	ZNF776
eGFP-HMX1	HMX1
eGFP-NHLH1	NHLH1
ZNF714	ZNF714
CERS6	CERS6
USF3	USF3
eGFP-ZNF663P	ZNF663P
ZBTB10	ZBTB10
eGFP-SSB	SSB
CENPBD1	CENPBD1
ZNF543	ZNF543
FLAG-TCF7	TCF7
eGFP-ZGPAT	ZGPAT
ZBTB18	ZBTB18
eGFP-ZNF511	ZNF511
SP140	SP140
FLAG-USF1	USF1
eGFP-ZNF658B	ZNF658B
eGFP-HAND2	HAND2
SSH1	SSH1
eGFP-ATOH8	ATOH8
eGFP-HMX3	HMX3
eGFP-RERE	RERE
FLAG-PHTF1	PHTF1
FLAG-NFIB	NFIB
ZFX	ZFX
eGFP-FOXP1	FOXP1
FLAG-ETV3	ETV3
eGFP-FOXC2	FOXC2
eGFP-ZNF395	ZNF395
eGFP-ZBTB8B	ZBTB8B
eGFP-HEYL	HEYL
ZNF169	ZNF169
FLAG-SALL2	SALL2
eGFP-ZNF107	ZNF107
eGFP-TWIST1	TWIST1
ZNF484	ZNF484
LHX3	LHX3
eGFP-OSR1	OSR1
ZNF507	ZNF507
ZNF837	ZNF837
eGFP-GBX2	GBX2
eGFP-HOXA7	HOXA7
ZNF530	ZNF530
FLAG-ZNF221	ZNF221
FLAG-ZNF597	ZNF597
FLAG-ZNF430	ZNF430
FLAG-ZNF701	ZNF701
ZNF852	ZNF852
ZNF846	ZNF846
FLAG-ZBTB8A	ZBTB8A
eGFP-FOXF2	FOXF2
eGFP-MIER2	MIER2
ZNF561	ZNF561
ZNF790	ZNF790
eGFP-CDX4	CDX4
FLAG-TOE1	TOE1
FLAG-ATF5	ATF5
FLAG-ZNF440	ZNF440
eGFP-SLC30A9	SLC30A9
BHLHB9	BHLHB9
ZNF876P	ZNF876P
FLAG-KIAA1841	KIAA1841
ZNF248	ZNF248
eGFP-ZNF785	ZNF785
FLAG-ZNF296	ZNF296
ZNF793	ZNF793
THAP8	THAP8
FLAG-TTF1	TTF1
ZNF586	ZNF586
FLAG-TEF	TEF
ZNF98	ZNF98
eGFP-NPAS3	NPAS3
ZNF432	ZNF432
FLAG-PAX8	PAX8
ZNF347	ZNF347
eGFP-SIRT1	SIRT1
eGFP-SMAD9	SMAD9
eGFP-SIX3	SIX3
ZNF623	ZNF623
FLAG-RUNX3	RUNX3
eGFP-SIX2	SIX2
eGFP-RUNX2	RUNX2
eGFP-MSC	MSC
ZNF208	ZNF208
eGFP-CSDC2	CSDC2
ZSCAN10	ZSCAN10
eGFP-FOXL1	FOXL1
FLAG-ZNF37A	ZNF37A
eGFP-DMRT2	DMRT2
H1FOO	H1FOO
FLAG-ZNF343	ZNF343
ZSCAN16	ZSCAN16
eGFP-SOX21	SOX21
ZNF684	ZNF684
eGFP-PRDM14	PRDM14
ZSCAN4	ZSCAN4
FLAG-PLAG1	PLAG1
eGFP-SUFU	SUFU
ZFP82	ZFP82
eGFP-TCF21	TCF21
eGFP-ZNF608	ZNF608
eGFP-ZDHHC7	ZDHHC7
eGFP-ZNF502	ZNF502
ZSCAN5B	ZSCAN5B
FLAG-REST	REST
HES3	HES3
FLAG-NFAT5	NFAT5
FOXE1	FOXE1
eGFP-ZEB2	ZEB2
eGFP-ZNF793	ZNF793
ZIK1	ZIK1
eGFP-PHOX2B	PHOX2B
eGFP-ETV7	ETV7
eGFP-TBX5	TBX5
eGFP-TULP3	TULP3
FLAG-GCM2	GCM2
FLAG-KLF3	KLF3
ZNF337	ZNF337
FLAG-E2F2	E2F2
eGFP-STAT4	STAT4
FLAG-SP140L	SP140L
eGFP-POU2F3	POU2F3
FLAG-ZNF428	ZNF428
FLAG-ZNF529	ZNF529
FLAG-DBX1	DBX1
eGFP-DLX3	DLX3
eGFP-SPIB	SPIB
eGFP-ZNF532	ZNF532
eGFP-ZBTB17	ZBTB17
eGFP-SOX5	SOX5
HESX1	HESX1
eGFP-GTF2I	GTF2I
FLAG-CREBL2	CREBL2
HILS1	HILS1
FLAG-HNF1A	HNF1A
FLAG-ZSCAN30	ZSCAN30
eGFP-ZSCAN10	ZSCAN10
ZNF606	ZNF606
USP39	USP39
FLAG-ZNF490	ZNF490
ZNF132	ZNF132
FLAG-ZNF75D	ZNF75D
eGFP-HDX	HDX
eGFP-ZNF257	ZNF257
FLAG-SIX4	SIX4
FLAG-KLF7	KLF7
HMGB4	HMGB4
ZFAT	ZFAT
NANOGNB	NANOGNB
ZNF34	ZNF34
ZNF212	ZNF212
eGFP-ZNF283	ZNF283
ZNF354B	ZNF354B
eGFP-TLX1	TLX1
HMX2	HMX2
FLAG-VAX2	VAX2
NEUROD6	NEUROD6
FLAG-MTF1	MTF1
FLAG-DR1	DR1
FLAG-NFKBIB	NFKBIB
FLAG-ZNF567	ZNF567
ZNF202	ZNF202
ZNF222	ZNF222
FLAG-ZNF493	ZNF493
ZNF227	ZNF227
INSM2	INSM2
ZNF213	ZNF213
GRM6	GRM6
eGFP-THAP12	THAP12
ZNF235	ZNF235
FLAG-ZSCAN25	ZSCAN25
eGFP-ZDHHC2	ZDHHC2
ZNF426	ZNF426
LHX8	LHX8
eGFP-ZNF273	ZNF273
FLAG-ZNF692	ZNF692
eGFP-ZIC5	ZIC5
FLAG-ZNF777	ZNF777
eGFP-ZNF394	ZNF394
ZNF441	ZNF441
FLAG-ARNT2	ARNT2
PRDM6	PRDM6
eGFP-ZNF501	ZNF501
eGFP-HOXA2	HOXA2
PRDM9	PRDM9
PDS5B	PDS5B
ZNF705G	ZNF705G
FLAG-DDIT3	DDIT3
FLAG-ZFAT	ZFAT
eGFP-ZNF595	ZNF595
ZNF71	ZNF71
FLAG-THAP4	THAP4
eGFP-ZNF559	ZNF559
eGFP-PAX5	PAX5
FLAG-TBP	TBP
RNF113B	RNF113B
FLAG-ZNF783	ZNF783
FLAG-ZNF367	ZNF367
FLAG-ZNF572	ZNF572
ZNF140	ZNF140
FLAG-STAT5B	STAT5B
POU6F1	POU6F1
eGFP-BEND4	BEND4
eGFP-NFATC4	NFATC4
FLAG-HOXA5	HOXA5
eGFP-ZNF469	ZNF469
eGFP-ZNF732	ZNF732
FLAG-ZNF322	ZNF322
FLAG-AKNA	AKNA
ZNF732	ZNF732
eGFP-MBNL3	MBNL3
FLAG-EGR1	EGR1
TBX10	TBX10
FLAG-SOX14	SOX14
FLAG-TFEB	TFEB
FLAG-ZBTB20	ZBTB20
eGFP-TFAP2C	TFAP2C
FLAG-SMAD5	SMAD5
FLAG-ZSCAN31	ZSCAN31
eGFP-ALX1	ALX1
eGFP-TFAP2B	TFAP2B
FLAG-IKZF4	IKZF4
eGFP-POU5F1B	POU5F1B
FLAG-KLF13	KLF13
GTF2IRD2	GTF2IRD2
TFAP2D	TFAP2D
FLAG-ZNF708	ZNF708
ZNF341	ZNF341
FLAG-MEF2D	MEF2D
FLAG-SIM1	SIM1
eGFP-TFAP2E	TFAP2E
FLAG-ZNF703	ZNF703
ZNF48	ZNF48
FLAG-HINFP	HINFP
ZNF358	ZNF358
FLAG-ONECUT2	ONECUT2
eGFP-ZNF410	ZNF410
FLAG-ZBTB4	ZBTB4
FLAG-PPARA	PPARA
ZNF367	ZNF367
ZBTB32	ZBTB32
FLAG-FOXO3	FOXO3
eGFP-TCF24	TCF24
FLAG-ZNF484	ZNF484
eGFP-ZNF451	ZNF451
HOXD9	HOXD9
ZNF268	ZNF268
FLAG-RAX	RAX
eGFP-ZNF462	ZNF462
eGFP-ZBTB40	ZBTB40
eGFP-ZNF425	ZNF425
FLAG-ZNF337	ZNF337
ZFP3	ZFP3
eGFP-ZNF500	ZNF500
HSF5	HSF5
FLAG-ETV6	ETV6
eGFP-ZBTB9	ZBTB9
eGFP-ZNF814	ZNF814
ZNF547	ZNF547
FLAG-ZNF720	ZNF720
ZNF41	ZNF41
ZIC4	ZIC4
NRK	NRK
FLAG-EMX1	EMX1
FLAG-POGZ	POGZ
FLAG-ZNF426	ZNF426
eGFP-ZNF441	ZNF441
LHX5	LHX5
ZNF425	ZNF425
eGFP-ZBTB32	ZBTB32
FLAG-ZNF44	ZNF44
MYT1L	MYT1L
ZNF43	ZNF43
FLAG-ELK4	ELK4
PCSK6	PCSK6
NCOA2	NCOA2
ZNF26	ZNF26
FLAG-TEAD4	TEAD4
FLAG-ZNF26	ZNF26
FLAG-ZNF544	ZNF544
eGFP-PHB	PHB
ZNF546	ZNF546
FLAG-ZNF362	ZNF362
FLAG-RFX1	RFX1
eGFP-ZNF524	ZNF524
FLAG-ZNF155	ZNF155
FLAG-ZNF92	ZNF92
FLAG-NAIF1	NAIF1
ZNF394	ZNF394
FLAG-ZNF468	ZNF468
MAEL	MAEL
ZNF445	ZNF445
eGFP-ZNF702P	ZNF702P
eGFP-VENTX	VENTX
MRRF	MRRF
FLAG-MGA	MGA
ZNF419	ZNF419
eGFP-ZNF586	ZNF586
FLAG-ZNF234	ZNF234
FLAG-BHLHA15	BHLHA15
eGFP-ZNF812P	ZNF812P
PKNOX2	PKNOX2
ZNF526	ZNF526
ZNF442	ZNF442
SCRT2	SCRT2
eGFP-ZMAT1	ZMAT1
NKX2-6	NKX2-6
FLAG-ZNF17	ZNF17
ZNF536	ZNF536
eGFP-ISL1	ISL1
eGFP-ZNF618	ZNF618
TBR1	TBR1
POU3F4	POU3F4
eGFP-FOXO6	FOXO6
ZNF66	ZNF66
FLAG-NR1H4	NR1H4
eGFP-AFF2	AFF2
eGFP-ZNF718	ZNF718
TBX4	TBX4
FLAG-ARID4A	ARID4A
HOXA11	HOXA11
ZNF594	ZNF594
FLAG-ZNF275	ZNF275
FLAG-ZNF844	ZNF844
LMX1A	LMX1A
TSHZ2	TSHZ2
FLAG-PRDM10	PRDM10
OBFC1	OBFC1
eGFP-MYT1L	MYT1L
LRRFIP1	LRRFIP1
FLAG-PEG3	PEG3
ZNF816	ZNF816
eGFP-CREB5	CREB5
FLAG-ZNF789	ZNF789
ONECUT3	ONECUT3
FLAG-ZNF277	ZNF277
NR3C2	NR3C2
eGFP-TP53BP1	TP53BP1
RGS7	RGS7
OTX1	OTX1
eGFP-TRIB3	TRIB3
FLAG-MYNN	MYNN
FLAG-ZNF564	ZNF564
eGFP-FOXN1	FOXN1
PKHD1	PKHD1
eGFP-TFAP2A	TFAP2A
eGFP-TSG101	TSG101
FLAG-USF2	USF2
ZFP69	ZFP69
PLXNB3	PLXNB3
ZIM3	ZIM3
KMT2B	KMT2B
ZNF813	ZNF813
ZNF891	ZNF891
eGFP-SP140	SP140
SRY	SRY
POTEKP	POTEKP
POLE3	POLE3
eGFP-SIN3B	SIN3B
FLAG-BHLHE23	BHLHE23
POU4F2	POU4F2
eGFP-TCF3	TCF3
eGFP-NCOR2	NCOR2
FLAG-LRRFIP1	LRRFIP1
FLAG-PHTF2	PHTF2
ZNF487	ZNF487
TBX19	TBX19
ZDHHC19	ZDHHC19
PRB3	PRB3
FLAG-CBX5	CBX5
ZNF550	ZNF550
FLAG-CREBZF	CREBZF
TIGD4	TIGD4
ZNF225	ZNF225
FLAG-ZNF593	ZNF593
RAPGEF3	RAPGEF3
PPP1R13L	PPP1R13L
eGFP-ZNF322P1	ZNF322P1
KDM3A	KDM3A
RAPGEF5	RAPGEF5
FLAG-ZNF326	ZNF326
FLAG-NEUROD4	NEUROD4
FLAG-ZNF235	ZNF235
FLAG-TSC22D2	TSC22D2
FLAG-EGR2	EGR2
FLAG-ZBTB7B	ZBTB7B
FLAG-FOXA1	FOXA1
FLAG-NFE2	NFE2
KDM2A	KDM2A
NKX6-2	NKX6-2
FLAG-ZNF496	ZNF496
HMGXB4	HMGXB4
TRIM23	TRIM23
FLAG-DBP	DBP
ZNF296	ZNF296
ZNF382	ZNF382
UBTFL5	UBTFL5
FLAG-TCF23	TCF23
eGFP-ZNF593	ZNF593
FLAG-ZNF711	ZNF711
eGFP-HOMEZ	HOMEZ
TLX2	TLX2
FLAG-ENO1	ENO1
eGFP-ZNF774	ZNF774
FLAG-ZNF527	ZNF527
PAF1	PAF1
FLAG-ZNF83	ZNF83
FLAG-ZNF33A	ZNF33A
FLAG-NCOA3	NCOA3
eGFP-ZNF655	ZNF655
ZNF354C	ZNF354C
JRKL	JRKL
FLAG-ZNF25	ZNF25
eGFP-POU6F1	POU6F1
eGFP-RFX8	RFX8
eGFP-ZNF135	ZNF135
eGFP-ZMAT4	ZMAT4
NPAS4	NPAS4
FLAG-ZNF599	ZNF599
NPAS1	NPAS1
RPA4	RPA4
FLAG-ZNF81	ZNF81
ZNF766	ZNF766
FLAG-KDM2A	KDM2A
eGFP-SNAI3	SNAI3
eGFP-THAP11	THAP11
eGFP-JAZF1	JAZF1
eGFP-NPAS4	NPAS4
FLAG-ZNF790	ZNF790
ZNF786	ZNF786
FLAG-ZNF407	ZNF407
SLC22A4	SLC22A4
FLAG-ZNF689	ZNF689
eGFP-EOMES	EOMES
eGFP-MKX	MKX
TAL2	TAL2
ZNF331	ZNF331
ZNF266	ZNF266
eGFP-SIM2	SIM2
FLAG-ZNF688	ZNF688
FLAG-MATR3	MATR3
ZNF480	ZNF480
ZNF821	ZNF821
eGFP-MAEL	MAEL
MAP1LC3A	MAP1LC3A
FLAG-ZNF594	ZNF594
ZNF3	ZNF3
eGFP-TCF7L1	TCF7L1
FLAG-ZNF709	ZNF709
FLAG-RLF	RLF
ZNF510	ZNF510
FLAG-CDX2	CDX2
FLAG-ZNF625	ZNF625
THAP10	THAP10
ZNF548	ZNF548
FLAG-CBFB	CBFB
ZNF829	ZNF829
PHOX2A	PHOX2A
TIGD7	TIGD7
ZNF552	ZNF552
FLAG-SMAD3	SMAD3
eGFP-ZNF385D	ZNF385D
eGFP-SOHLH2	SOHLH2
TOX	TOX
ZNF559	ZNF559
ZNF324	ZNF324
eGFP-ETV2	ETV2
FLAG-ZBTB44	ZBTB44
FLAG-MTA3	MTA3
FLAG-ZNF91	ZNF91
PLXNA2	PLXNA2
FLAG-ZNF138	ZNF138
ZNF620	ZNF620
FLAG-ZNF747	ZNF747
FLAG-E2F6	E2F6
eGFP-ZFHX4	ZFHX4
eGFP-ZNF876P	ZNF876P
ZNF655	ZNF655
FLAG-IRX1	IRX1
eGFP-AHRR	AHRR
eGFP-ZNF628	ZNF628
ZNF668	ZNF668
ZNF415	ZNF415
eGFP-ZC3H10	ZC3H10
POU3F1	POU3F1
FLAG-ZSCAN26	ZSCAN26
FLAG-ZNF627	ZNF627
ZNF436	ZNF436
FLAG-NR3C1	
eGFP-MYT1	MYT1
FLAG-LEUTX	LEUTX
FLAG-ESRRA	ESRRA
FLAG-ZNF682	ZNF682
ZNF784	ZNF784
eGFP-NANOG	NANOG
FLAG-HOXD1	HOXD1
FLAG-MNX1	MNX1
FOXG1	FOXG1
FLAG-BARX1	BARX1
FLAG-SPI1	SPI1
eGFP-FOXR2	FOXR2
eGFP-POU6F2	POU6F2
FLAG-GATA4	GATA4
FLAG-ZC3H4	ZC3H4
ZNF490	ZNF490
eGFP-HOXA1	HOXA1
RGS11	RGS11
FLAG-ZNF571	ZNF571
ZFP90	ZFP90
GCM1	GCM1
FLAG-ZNF740	ZNF740
FLAG-CEBPE	CEBPE
ZNF502	ZNF502
GSC2	GSC2
FLAG-ZFP14	ZFP14
FLAG-NKRF	NKRF
FLAG-L3MBTL4	L3MBTL4
FLAG-ZNF431	ZNF431
ZNF16	ZNF16
RORB	RORB
ZNF544	ZNF544
FLAG-PAXBP1	PAXBP1
FLAG-POU3F4	POU3F4
FLAG-FOXO1	FOXO1
FLAG-ZCCHC11	ZCCHC11
ZNF555	ZNF555
FLAG-ISL2	ISL2
ZNF649	ZNF649
ZNF175	ZNF175
FLAG-ZNF107	ZNF107
FLAG-ZNF248	ZNF248
FLAG-ZNF256	ZNF256
SOX10	SOX10
FLAG-GTF2IRD2	GTF2IRD2
ZNF284	ZNF284
FLAG-OLIG2	OLIG2
ZNF567	ZNF567
ZNF705A	ZNF705A
ZNF200	ZNF200
ZNF675	ZNF675
FLAG-ZBTB1	ZBTB1
ZNF708	ZNF708
FLAG-ELF2	ELF2
ZNF711	ZNF711
H3F3B	H3F3B
ZNF720	ZNF720
FLAG-ZNF230	ZNF230
FLAG-ZGLP1	ZGLP1
ZNF749	ZNF749
ZNF28	ZNF28
TCF15	TCF15
FLAG-ZNF879	ZNF879
FLAG-ZNF345	ZNF345
ZNF724P	ZNF724P
FLAG-ZNF10	ZNF10
FLAG-FOXQ1	FOXQ1
EHMT2	EHMT2
FLAG-ZIM2	ZIM2
ZNF300	ZNF300
FLAG-ELF1	ELF1
ZNF827	ZNF827
ZNF90	ZNF90
ZNF304	ZNF304
FLAG-NFYB	NFYB
ZSCAN18	ZSCAN18
VAX1	VAX1
FLAG-ZNF528	ZNF528
FLAG-GTF3A	GTF3A
ZBTB14	ZBTB14
ZNF345	ZNF345
FLAG-NCOA5	NCOA5
ZNF763	ZNF763
FLAG-BATF2	BATF2
FLAG-ZNF200	ZNF200
ZNF443	ZNF443
CXXC5	CXXC5
FLAG-SOX10	SOX10
FLAG-THAP3	THAP3
ZNF45	ZNF45
FLAG-NFE2L3	NFE2L3
RNF125	RNF125
FLAG-THAP6	THAP6
AHRR	AHRR
FLAG-YBX3	YBX3
eGFP-HLF	HLF
FLAG-MSANTD3	MSANTD3
FLAG-SP4	SP4
FLAG-ZNF280C	ZNF280C
ZNF385B	ZNF385B
SOX14	SOX14
FOXI3	FOXI3
FLAG-MEIS2	MEIS2
FLAG-NFKBIA	NFKBIA
FLAG-RELA	RELA
FOXO6	FOXO6
FLAG-PDX1	PDX1
FLAG-NFE2L1	NFE2L1
FLAG-ZNF784	ZNF784
FLAG-ZNF280D	ZNF280D
FLAG-ZNF687	ZNF687
eGFP-TOX	TOX
FLAG-EBF4	EBF4
GTF2F2	GTF2F2
ZNF470	ZNF470
FLAG-TCF7L2	TCF7L2
eGFP-ZNF534	ZNF534
FLAG-MZF1	MZF1
ZNF626	ZNF626
FLAG-CARHSP1	CARHSP1
KLF17	KLF17
FLAG-ZNF45	ZNF45
FLAG-ZNF501	ZNF501
FLAG-BACH1	BACH1
FLAG-PCGF6	PCGF6
ZNF805	ZNF805
FLAG-TERF2	TERF2
NSD2	NSD2
ZNF730	ZNF730
FLAG-ZNF260	ZNF260
FLAG-RFXAP	RFXAP
eGFP-ZNF717	ZNF717
FLAG-ZNF670	ZNF670
FLAG-GCM1	GCM1
ZNF724	ZNF724
FLAG-LEF1	LEF1
ZNF74	ZNF74
FLAG-ZNF385B	ZNF385B
KRTAP5-1	KRTAP5-1
eGFP-FOXB1	FOXB1
ZNF883	ZNF883
FLAG-KLF10	KLF10
FLAG-HSF2	HSF2
eGFP-MAFA	MAFA
ZNF75A	ZNF75A
FLAG-ZNF251	ZNF251
FLAG-ZFY	ZFY
ZNF771	ZNF771
FLAG-ZXDC	ZXDC
NANOGP1	NANOGP1
FLAG-ZNF333	ZNF333
FLAG-ZNF587	ZNF587
FLAG-ZNF503	ZNF503
FLAG-ZNF264	ZNF264
NKX6-3	NKX6-3
FLAG-ZNF821	ZNF821
ZNF500	ZNF500
FLAG-SOX6	SOX6
FLAG-SIX6	SIX6
FLAG-ZNF20	ZNF20
FLAG-ZNF383	ZNF383
FLAG-NR1I2	NR1I2
FLAG-ZNF548	ZNF548
eGFP-HIF3A	HIF3A
FLAG-HMBOX1	HMBOX1
FLAG-ZNF766	ZNF766
ZNF563	ZNF563
eGFP-TBX4	TBX4
FLAG-ZKSCAN7	ZKSCAN7
ZNF607	ZNF607
FLAG-ZNF517	ZNF517
FOXN1	FOXN1
ZNF660	ZNF660
FLAG-ZBTB33	ZBTB33
FLAG-ZNF788	ZNF788
FLAG-ZBTB41	ZBTB41
FLAG-TERB1	TERB1
GBX1	GBX1
ZNF836	ZNF836
ZNF765	ZNF765
ZSCAN25	ZSCAN25
ZSCAN20	ZSCAN20
ARID3B	ARID3B
ZNF845	ZNF845
PRDM15	PRDM15
HIST1H1D	HIST1H1D
FLAG-ZNF112	ZNF112
ZSCAN32	ZSCAN32
HIVEP3	HIVEP3
PTF1A	PTF1A
FLAG-TCF3	TCF3
FLAG-MITF	MITF
FLAG-ZNF546	ZNF546
FLAG-NFATC3	NFATC3
eGFP-ZNF816-ZNF321P	ZNF816-ZNF321P
FLAG-EP300	EP300
FLAG-ZNF510	ZNF510
ISX	ISX
FLAG-ATAD3A	ATAD3A
RHOXF2B	RHOXF2B
TPRX1	TPRX1
FLAG-PATZ1	PATZ1
BRCA2	BRCA2
FLAG-SOX4	SOX4
TRIT1	TRIT1
TTF1	TTF1
FLAG-ZNF576	ZNF576
VSX1	VSX1
TSHZ1	TSHZ1
ZC3H13	ZC3H13
ZFHX4	ZFHX4
FLAG-ZFP37	ZFP37
FLAG-CREB3L3	CREB3L3
FLAG-HIVEP1	HIVEP1
FLAG-TOX3	TOX3
ZIC3	ZIC3
FLAG-MAZ	MAZ
ZNF155	ZNF155
FLAG-CRX	CRX
FLAG-RBAK	RBAK
FLAG-ZNF684	ZNF684
FLAG-SNAI1	SNAI1
ZNF182	ZNF182
FLAG-YEATS4	YEATS4
ZNF19	ZNF19
FLAG-FEZF1	FEZF1
FLAG-ZNF236	ZNF236
ZNF205	ZNF205
FLAG-DNAJC1	DNAJC1
ZNF214	ZNF214
ZNF37A	ZNF37A
FLAG-RARG	RARG
FLAG-ZNF483	ZNF483
FLAG-ZNF417	ZNF417
eGFP-ELF5	ELF5
FLAG-ZNF778	ZNF778
FLAG-ZNF136	ZNF136
FLAG-ZFP62	ZFP62
KIAA1683	KIAA1683
FLAG-ZNF335	ZNF335
eGFP-SOX11	SOX11
eGFP-ZIC4	ZIC4
eGFP-HES3	HES3
FLAG-ZNF334	ZNF334
eGFP-ZFPM2	ZFPM2
eGFP-TBX10	TBX10
NKX2-3	NKX2-3
FLAG-ZNF69	ZNF69
eGFP-SCX	SCX
eGFP-ZNF736	ZNF736
eGFP-ZNF630	ZNF630
FLAG-TCF12	TCF12
ZNF474	ZNF474
eGFP-ZFP57	ZFP57
FLAG-ZNF473	ZNF473
FLAG-HES6	HES6
eGFP-ZNF665	ZNF665
eGFP-ZNF699	ZNF699
FLAG-ZSCAN2	ZSCAN2
FLAG-SHOX	SHOX
ZNF541	ZNF541
FLAG-FOXI2	FOXI2
FLAG-ZNF782	ZNF782
ZNF616	ZNF616
ZNF664	ZNF664
FLAG-FOXJ3	FOXJ3
ZNF696	ZNF696
FLAG-ZNF542P	ZNF542P
FLAG-CUX1	CUX1
ZNF814	ZNF814
ZNF84	ZNF84
ZNF860	ZNF860
ZXDB	ZXDB
ZNF878	ZNF878
ZNF224	ZNF224
FLAG-NFX1	NFX1
FLAG-FUBP3	FUBP3
FLAG-EPAS1	EPAS1
FLAG-PROX1	PROX1
FLAG-ZBTB45	ZBTB45
FLAG-NEUROG3	NEUROG3
FLAG-SOX9	SOX9
FLAG-ZNF304	ZNF304
FLAG-PAX3	PAX3
FLAG-ZSCAN29	ZSCAN29
FLAG-NR6A1	NR6A1
